mount_type,fixture_configuration,ero_vista_pole_size,pole_height_ft,wind_speed_mph,Alaskan Yellow Cedar Poles,Southern Yellow Pine Poles
BASE,Single Side Mount Fixture,"5"" x 5-1/2""",8,115,6.93,7.83
BASE,Single Side Mount Fixture,"5"" x 5-1/2""",8,120,6.36,7.2
BASE,Single Side Mount Fixture,"5"" x 5-1/2""",8,130,5.42,6.13
BASE,Single Side Mount Fixture,"5"" x 5-1/2""",8,140,4.68,5.29
BASE,Single Side Mount Fixture,"5"" x 5-1/2""",8,150,4.07,4.61
BASE,Single Side Mount Fixture,"5"" x 5-1/2""",8,160,3.58,4.05
BASE,Single Side Mount Fixture,"5"" x 5-1/2""",10,115,6.93,7.83
BASE,Single Side Mount Fixture,"5"" x 5-1/2""",10,120,6.36,7.2
BASE,Single Side Mount Fixture,"5"" x 5-1/2""",10,130,5.42,6.13
BASE,Single Side Mount Fixture,"5"" x 5-1/2""",10,140,4.68,5.29
BASE,Single Side Mount Fixture,"5"" x 5-1/2""",10,150,4.07,4.61
BASE,Single Side Mount Fixture,"5"" x 5-1/2""",10,160,3.58,4.05
BASE,Single Side Mount Fixture,"5"" x 5-1/2""",12,115,6.93,7.83
BASE,Single Side Mount Fixture,"5"" x 5-1/2""",12,120,6.36,7.2
BASE,Single Side Mount Fixture,"5"" x 5-1/2""",12,130,5.42,6.13
BASE,Single Side Mount Fixture,"5"" x 5-1/2""",12,140,4.68,5.29
BASE,Single Side Mount Fixture,"5"" x 5-1/2""",12,150,3.9,4.61
BASE,Single Side Mount Fixture,"5"" x 5-1/2""",12,160,2.81,4.05
BASE,Single Side Mount Fixture,"5"" x 5-1/2""",14,115,6.85,7.74
BASE,Single Side Mount Fixture,"5"" x 5-1/2""",14,120,5.84,7.11
BASE,Single Side Mount Fixture,"5"" x 5-1/2""",14,130,4.1,6.06
BASE,Single Side Mount Fixture,"5"" x 5-1/2""",14,140,2.71,5.23
BASE,Single Side Mount Fixture,"5"" x 5-1/2""",14,150,1.59,4.55
BASE,Single Side Mount Fixture,"5"" x 5-1/2""",14,160,0.68,3.95
BASE,Single Side Mount Fixture,"5"" x 5-1/2""",16,115,4.04,7.57
BASE,Single Side Mount Fixture,"5"" x 5-1/2""",16,120,3.15,6.95
BASE,Single Side Mount Fixture,"5"" x 5-1/2""",16,130,1.68,5.81
BASE,Single Side Mount Fixture,"5"" x 5-1/2""",16,140,0.51,4.14
BASE,Single Side Mount Fixture,"5"" x 5-1/2""",16,150,0,2.8
BASE,Single Side Mount Fixture,"5"" x 5-1/2""",16,160,0,1.7
BASE,Single Side Mount Fixture,"5"" x 5-1/2""",18,115,1.61,6.15
BASE,Single Side Mount Fixture,"5"" x 5-1/2""",18,120,0.85,5.08
BASE,Single Side Mount Fixture,"5"" x 5-1/2""",18,130,0,3.27
BASE,Single Side Mount Fixture,"5"" x 5-1/2""",18,140,0,1.84
BASE,Single Side Mount Fixture,"5"" x 5-1/2""",18,150,0,0.69
BASE,Single Side Mount Fixture,"5"" x 5-1/2""",18,160,0,0
BASE,Single Side Mount Fixture,"5"" x 5-1/2""",20,115,0,1.27
BASE,Single Side Mount Fixture,"5"" x 5-1/2""",20,120,0,0
BASE,Single Side Mount Fixture,"5"" x 5-1/2""",20,130,0,0
BASE,Single Side Mount Fixture,"5"" x 5-1/2""",20,140,0,0
BASE,Single Side Mount Fixture,"5"" x 5-1/2""",20,150,0,0
BASE,Single Side Mount Fixture,"5"" x 5-1/2""",20,160,0,0
BASE,Single Side Mount Fixture,"6-3/4"" x 6-3/4""",8,115,14.97,16.92
BASE,Single Side Mount Fixture,"6-3/4"" x 6-3/4""",8,120,13.75,15.54
BASE,Single Side Mount Fixture,"6-3/4"" x 6-3/4""",8,130,11.72,13.25
BASE,Single Side Mount Fixture,"6-3/4"" x 6-3/4""",8,140,10.1,11.42
BASE,Single Side Mount Fixture,"6-3/4"" x 6-3/4""",8,150,8.8,9.95
BASE,Single Side Mount Fixture,"6-3/4"" x 6-3/4""",8,160,7.74,8.74
BASE,Single Side Mount Fixture,"6-3/4"" x 6-3/4""",10,115,14.97,16.92
BASE,Single Side Mount Fixture,"6-3/4"" x 6-3/4""",10,120,13.75,15.54
BASE,Single Side Mount Fixture,"6-3/4"" x 6-3/4""",10,130,11.72,13.25
BASE,Single Side Mount Fixture,"6-3/4"" x 6-3/4""",10,140,10.1,11.42
BASE,Single Side Mount Fixture,"6-3/4"" x 6-3/4""",10,150,8.8,9.95
BASE,Single Side Mount Fixture,"6-3/4"" x 6-3/4""",10,160,7.74,8.74
BASE,Single Side Mount Fixture,"6-3/4"" x 6-3/4""",12,115,14.97,16.92
BASE,Single Side Mount Fixture,"6-3/4"" x 6-3/4""",12,120,13.75,15.54
BASE,Single Side Mount Fixture,"6-3/4"" x 6-3/4""",12,130,11.72,13.25
BASE,Single Side Mount Fixture,"6-3/4"" x 6-3/4""",12,140,10.1,11.42
BASE,Single Side Mount Fixture,"6-3/4"" x 6-3/4""",12,150,8.8,9.95
BASE,Single Side Mount Fixture,"6-3/4"" x 6-3/4""",12,160,7.74,8.74
BASE,Single Side Mount Fixture,"6-3/4"" x 6-3/4""",14,115,14.8,16.73
BASE,Single Side Mount Fixture,"6-3/4"" x 6-3/4""",14,120,13.59,15.36
BASE,Single Side Mount Fixture,"6-3/4"" x 6-3/4""",14,130,11.58,13.09
BASE,Single Side Mount Fixture,"6-3/4"" x 6-3/4""",14,140,9.99,11.29
BASE,Single Side Mount Fixture,"6-3/4"" x 6-3/4""",14,150,8.7,9.83
BASE,Single Side Mount Fixture,"6-3/4"" x 6-3/4""",14,160,7.36,8.64
BASE,Single Side Mount Fixture,"6-3/4"" x 6-3/4""",16,115,14.46,16.35
BASE,Single Side Mount Fixture,"6-3/4"" x 6-3/4""",16,120,13.28,15.02
BASE,Single Side Mount Fixture,"6-3/4"" x 6-3/4""",16,130,10.52,12.79
BASE,Single Side Mount Fixture,"6-3/4"" x 6-3/4""",16,140,7.9,11.03
BASE,Single Side Mount Fixture,"6-3/4"" x 6-3/4""",16,150,5.78,9.61
BASE,Single Side Mount Fixture,"6-3/4"" x 6-3/4""",16,160,4.05,8.43
BASE,Single Side Mount Fixture,"6-3/4"" x 6-3/4""",18,115,11.37,15.99
BASE,Single Side Mount Fixture,"6-3/4"" x 6-3/4""",18,120,9.66,14.68
BASE,Single Side Mount Fixture,"6-3/4"" x 6-3/4""",18,130,6.81,12.51
BASE,Single Side Mount Fixture,"6-3/4"" x 6-3/4""",18,140,4.56,9.5
BASE,Single Side Mount Fixture,"6-3/4"" x 6-3/4""",18,150,2.73,7.04
BASE,Single Side Mount Fixture,"6-3/4"" x 6-3/4""",18,160,1.24,5.03
BASE,Single Side Mount Fixture,"6-3/4"" x 6-3/4""",20,115,7.58,14.01
BASE,Single Side Mount Fixture,"6-3/4"" x 6-3/4""",20,120,6.1,12
BASE,Single Side Mount Fixture,"6-3/4"" x 6-3/4""",20,130,3.62,8.65
BASE,Single Side Mount Fixture,"6-3/4"" x 6-3/4""",20,140,1.66,6
BASE,Single Side Mount Fixture,"6-3/4"" x 6-3/4""",20,150,0,3.86
BASE,Single Side Mount Fixture,"6-3/4"" x 6-3/4""",20,160,0,2.1
BASE,Single Side Mount Fixture,"6-3/4"" x 6-3/4""",22,115,4.28,10
BASE,Single Side Mount Fixture,"6-3/4"" x 6-3/4""",22,120,2.98,8.22
BASE,Single Side Mount Fixture,"6-3/4"" x 6-3/4""",22,130,0.81,5.27
BASE,Single Side Mount Fixture,"6-3/4"" x 6-3/4""",22,140,0,2.93
BASE,Single Side Mount Fixture,"6-3/4"" x 6-3/4""",22,150,0,1.06
BASE,Single Side Mount Fixture,"6-3/4"" x 6-3/4""",22,160,0,0
BASE,Single Side Mount Fixture,"6-3/4"" x 6-3/4""",24,115,1.48,6.64
BASE,Single Side Mount Fixture,"6-3/4"" x 6-3/4""",24,120,0,5.06
BASE,Single Side Mount Fixture,"6-3/4"" x 6-3/4""",24,130,0,2.42
BASE,Single Side Mount Fixture,"6-3/4"" x 6-3/4""",24,140,0,0
BASE,Single Side Mount Fixture,"6-3/4"" x 6-3/4""",24,150,0,0
BASE,Single Side Mount Fixture,"6-3/4"" x 6-3/4""",24,160,0,0
BASE,Single Side Mount Fixture,"6-3/4"" x 6-3/4""",26,115,0,3.44
BASE,Single Side Mount Fixture,"6-3/4"" x 6-3/4""",26,120,0,2.03
BASE,Single Side Mount Fixture,"6-3/4"" x 6-3/4""",26,130,0,0
BASE,Single Side Mount Fixture,"6-3/4"" x 6-3/4""",26,140,0,0
BASE,Single Side Mount Fixture,"6-3/4"" x 6-3/4""",26,150,0,0
BASE,Single Side Mount Fixture,"6-3/4"" x 6-3/4""",26,160,0,0
BASE,Single Side Mount Fixture,"6-3/4"" x 6-3/4""",28,115,0,0.69
BASE,Single Side Mount Fixture,"6-3/4"" x 6-3/4""",28,120,0,0
BASE,Single Side Mount Fixture,"6-3/4"" x 6-3/4""",28,130,0,0
BASE,Single Side Mount Fixture,"6-3/4"" x 6-3/4""",28,140,0,0
BASE,Single Side Mount Fixture,"6-3/4"" x 6-3/4""",28,150,0,0
BASE,Single Side Mount Fixture,"6-3/4"" x 6-3/4""",28,160,0,0
BASE,Single Side Mount Fixture,"8-1/2"" x 8-1/4""",8,115,28.48,32.19
BASE,Single Side Mount Fixture,"8-1/2"" x 8-1/4""",8,120,26.16,29.57
BASE,Single Side Mount Fixture,"8-1/2"" x 8-1/4""",8,130,22.29,25.19
BASE,Single Side Mount Fixture,"8-1/2"" x 8-1/4""",8,140,19.22,21.72
BASE,Single Side Mount Fixture,"8-1/2"" x 8-1/4""",8,150,16.74,18.92
BASE,Single Side Mount Fixture,"8-1/2"" x 8-1/4""",8,160,14.71,16.63
BASE,Single Side Mount Fixture,"8-1/2"" x 8-1/4""",10,115,28.48,32.19
BASE,Single Side Mount Fixture,"8-1/2"" x 8-1/4""",10,120,26.16,29.57
BASE,Single Side Mount Fixture,"8-1/2"" x 8-1/4""",10,130,22.29,25.19
BASE,Single Side Mount Fixture,"8-1/2"" x 8-1/4""",10,140,19.22,21.72
BASE,Single Side Mount Fixture,"8-1/2"" x 8-1/4""",10,150,16.74,18.92
BASE,Single Side Mount Fixture,"8-1/2"" x 8-1/4""",10,160,14.71,16.63
BASE,Single Side Mount Fixture,"8-1/2"" x 8-1/4""",12,115,28.48,32.19
BASE,Single Side Mount Fixture,"8-1/2"" x 8-1/4""",12,120,26.16,29.57
BASE,Single Side Mount Fixture,"8-1/2"" x 8-1/4""",12,130,22.29,25.19
BASE,Single Side Mount Fixture,"8-1/2"" x 8-1/4""",12,140,19.22,21.72
BASE,Single Side Mount Fixture,"8-1/2"" x 8-1/4""",12,150,16.74,18.92
BASE,Single Side Mount Fixture,"8-1/2"" x 8-1/4""",12,160,14.71,16.63
BASE,Single Side Mount Fixture,"8-1/2"" x 8-1/4""",14,115,28.15,31.82
BASE,Single Side Mount Fixture,"8-1/2"" x 8-1/4""",14,120,25.85,29.22
BASE,Single Side Mount Fixture,"8-1/2"" x 8-1/4""",14,130,22.03,24.9
BASE,Single Side Mount Fixture,"8-1/2"" x 8-1/4""",14,140,19,21.47
BASE,Single Side Mount Fixture,"8-1/2"" x 8-1/4""",14,150,16.55,18.71
BASE,Single Side Mount Fixture,"8-1/2"" x 8-1/4""",14,160,14.54,16.44
BASE,Single Side Mount Fixture,"8-1/2"" x 8-1/4""",16,115,27.51,31.1
BASE,Single Side Mount Fixture,"8-1/2"" x 8-1/4""",16,120,25.27,28.56
BASE,Single Side Mount Fixture,"8-1/2"" x 8-1/4""",16,130,21.53,24.34
BASE,Single Side Mount Fixture,"8-1/2"" x 8-1/4""",16,140,18.56,20.98
BASE,Single Side Mount Fixture,"8-1/2"" x 8-1/4""",16,150,16.17,18.28
BASE,Single Side Mount Fixture,"8-1/2"" x 8-1/4""",16,160,13.49,16.07
BASE,Single Side Mount Fixture,"8-1/2"" x 8-1/4""",18,115,26.9,30.41
BASE,Single Side Mount Fixture,"8-1/2"" x 8-1/4""",18,120,24.7,27.93
BASE,Single Side Mount Fixture,"8-1/2"" x 8-1/4""",18,130,19.58,23.79
BASE,Single Side Mount Fixture,"8-1/2"" x 8-1/4""",18,140,15.26,20.52
BASE,Single Side Mount Fixture,"8-1/2"" x 8-1/4""",18,150,11.76,17.87
BASE,Single Side Mount Fixture,"8-1/2"" x 8-1/4""",18,160,8.91,15.69
BASE,Single Side Mount Fixture,"8-1/2"" x 8-1/4""",20,115,21.87,29.74
BASE,Single Side Mount Fixture,"8-1/2"" x 8-1/4""",20,120,19.02,27.32
BASE,Single Side Mount Fixture,"8-1/2"" x 8-1/4""",20,130,14.26,23.28
BASE,Single Side Mount Fixture,"8-1/2"" x 8-1/4""",20,140,10.49,18.42
BASE,Single Side Mount Fixture,"8-1/2"" x 8-1/4""",20,150,7.45,14.31
BASE,Single Side Mount Fixture,"8-1/2"" x 8-1/4""",20,160,4.95,10.94
BASE,Single Side Mount Fixture,"8-1/2"" x 8-1/4""",22,115,16.16,26.92
BASE,Single Side Mount Fixture,"8-1/2"" x 8-1/4""",22,120,13.66,23.52
BASE,Single Side Mount Fixture,"8-1/2"" x 8-1/4""",22,130,9.5,17.84
BASE,Single Side Mount Fixture,"8-1/2"" x 8-1/4""",22,140,6.2,13.34
BASE,Single Side Mount Fixture,"8-1/2"" x 8-1/4""",22,150,3.54,9.71
BASE,Single Side Mount Fixture,"8-1/2"" x 8-1/4""",22,160,1.36,6.74
BASE,Single Side Mount Fixture,"8-1/2"" x 8-1/4""",24,115,11.48,21.27
BASE,Single Side Mount Fixture,"8-1/2"" x 8-1/4""",24,120,9.26,18.21
BASE,Single Side Mount Fixture,"8-1/2"" x 8-1/4""",24,130,5.56,13.1
BASE,Single Side Mount Fixture,"8-1/2"" x 8-1/4""",24,140,2.62,9.09
BASE,Single Side Mount Fixture,"8-1/2"" x 8-1/4""",24,150,0,5.84
BASE,Single Side Mount Fixture,"8-1/2"" x 8-1/4""",24,160,0,3.18
BASE,Single Side Mount Fixture,"8-1/2"" x 8-1/4""",26,115,7.08,15.91
BASE,Single Side Mount Fixture,"8-1/2"" x 8-1/4""",26,120,5.1,13.18
BASE,Single Side Mount Fixture,"8-1/2"" x 8-1/4""",26,130,1.82,8.64
BASE,Single Side Mount Fixture,"8-1/2"" x 8-1/4""",26,140,0,5.04
BASE,Single Side Mount Fixture,"8-1/2"" x 8-1/4""",26,150,0,2.13
BASE,Single Side Mount Fixture,"8-1/2"" x 8-1/4""",26,160,0,0
BASE,Single Side Mount Fixture,"8-1/2"" x 8-1/4""",28,115,3.33,11.44
BASE,Single Side Mount Fixture,"8-1/2"" x 8-1/4""",28,120,1.56,8.96
BASE,Single Side Mount Fixture,"8-1/2"" x 8-1/4""",28,130,0,4.85
BASE,Single Side Mount Fixture,"8-1/2"" x 8-1/4""",28,140,0,1.59
BASE,Single Side Mount Fixture,"8-1/2"" x 8-1/4""",28,150,0,0
BASE,Single Side Mount Fixture,"8-1/2"" x 8-1/4""",28,160,0,0
BASE,Single Side Mount Fixture,"8-1/2"" x 8-1/4""",30,115,0,7.08
BASE,Single Side Mount Fixture,"8-1/2"" x 8-1/4""",30,120,0,4.86
BASE,Single Side Mount Fixture,"8-1/2"" x 8-1/4""",30,130,0,1.16
BASE,Single Side Mount Fixture,"8-1/2"" x 8-1/4""",30,140,0,0
BASE,Single Side Mount Fixture,"8-1/2"" x 8-1/4""",30,150,0,0
BASE,Single Side Mount Fixture,"8-1/2"" x 8-1/4""",30,160,0,0
BASE,Top Mount Fixture,"5"" x 5-1/2""",8,115,19.3,28.46
BASE,Top Mount Fixture,"5"" x 5-1/2""",8,120,17.54,25.97
BASE,Top Mount Fixture,"5"" x 5-1/2""",8,130,14.61,21.82
BASE,Top Mount Fixture,"5"" x 5-1/2""",8,140,12.28,18.52
BASE,Top Mount Fixture,"5"" x 5-1/2""",8,150,10.4,15.86
BASE,Top Mount Fixture,"5"" x 5-1/2""",8,160,8.87,13.68
BASE,Top Mount Fixture,"5"" x 5-1/2""",10,115,14.31,21.67
BASE,Top Mount Fixture,"5"" x 5-1/2""",10,120,12.91,19.69
BASE,Top Mount Fixture,"5"" x 5-1/2""",10,130,10.54,16.38
BASE,Top Mount Fixture,"5"" x 5-1/2""",10,140,8.5,13.76
BASE,Top Mount Fixture,"5"" x 5-1/2""",10,150,6.86,11.65
BASE,Top Mount Fixture,"5"" x 5-1/2""",10,160,5.51,9.9
BASE,Top Mount Fixture,"5"" x 5-1/2""",12,115,10.53,16.93
BASE,Top Mount Fixture,"5"" x 5-1/2""",12,120,9.25,15.29
BASE,Top Mount Fixture,"5"" x 5-1/2""",12,130,7.13,12.56
BASE,Top Mount Fixture,"5"" x 5-1/2""",12,140,5.44,10.23
BASE,Top Mount Fixture,"5"" x 5-1/2""",12,150,4.08,8.3
BASE,Top Mount Fixture,"5"" x 5-1/2""",12,160,2.97,6.73
BASE,Top Mount Fixture,"5"" x 5-1/2""",14,115,7.16,13.08
BASE,Top Mount Fixture,"5"" x 5-1/2""",14,120,6.08,11.56
BASE,Top Mount Fixture,"5"" x 5-1/2""",14,130,4.3,9.04
BASE,Top Mount Fixture,"5"" x 5-1/2""",14,140,2.89,7.04
BASE,Top Mount Fixture,"5"" x 5-1/2""",14,150,1.75,5.42
BASE,Top Mount Fixture,"5"" x 5-1/2""",14,160,0.81,4.09
BASE,Top Mount Fixture,"5"" x 5-1/2""",16,115,4.26,9.4
BASE,Top Mount Fixture,"5"" x 5-1/2""",16,120,3.36,8.12
BASE,Top Mount Fixture,"5"" x 5-1/2""",16,130,1.85,5.99
BASE,Top Mount Fixture,"5"" x 5-1/2""",16,140,0.66,4.29
BASE,Top Mount Fixture,"5"" x 5-1/2""",16,150,0,2.93
BASE,Top Mount Fixture,"5"" x 5-1/2""",16,160,0,1.81
BASE,Top Mount Fixture,"5"" x 5-1/2""",18,115,1.8,6.35
BASE,Top Mount Fixture,"5"" x 5-1/2""",18,120,1.03,5.26
BASE,Top Mount Fixture,"5"" x 5-1/2""",18,130,0,3.42
BASE,Top Mount Fixture,"5"" x 5-1/2""",18,140,0,1.98
BASE,Top Mount Fixture,"5"" x 5-1/2""",18,150,0,0.81
BASE,Top Mount Fixture,"5"" x 5-1/2""",18,160,0,0
BASE,Top Mount Fixture,"5"" x 5-1/2""",20,115,0,1.43
BASE,Top Mount Fixture,"5"" x 5-1/2""",20,120,0,0.6
BASE,Top Mount Fixture,"5"" x 5-1/2""",20,130,0,0
BASE,Top Mount Fixture,"5"" x 5-1/2""",20,140,0,0
BASE,Top Mount Fixture,"5"" x 5-1/2""",20,150,0,0
BASE,Top Mount Fixture,"5"" x 5-1/2""",20,160,0,0
BASE,Top Mount Fixture,"6-3/4"" x 6-3/4""",8,115,45.91,62.59
BASE,Top Mount Fixture,"6-3/4"" x 6-3/4""",8,120,41.92,57.24
BASE,Top Mount Fixture,"6-3/4"" x 6-3/4""",8,130,35.28,48.33
BASE,Top Mount Fixture,"6-3/4"" x 6-3/4""",8,140,30.01,41.25
BASE,Top Mount Fixture,"6-3/4"" x 6-3/4""",8,150,25.76,35.56
BASE,Top Mount Fixture,"6-3/4"" x 6-3/4""",8,160,22.27,30.89
BASE,Top Mount Fixture,"6-3/4"" x 6-3/4""",10,115,35.25,48.55
BASE,Top Mount Fixture,"6-3/4"" x 6-3/4""",10,120,32.07,44.29
BASE,Top Mount Fixture,"6-3/4"" x 6-3/4""",10,130,26.77,37.19
BASE,Top Mount Fixture,"6-3/4"" x 6-3/4""",10,140,22.57,31.55
BASE,Top Mount Fixture,"6-3/4"" x 6-3/4""",10,150,19.01,27
BASE,Top Mount Fixture,"6-3/4"" x 6-3/4""",10,160,16.06,23.28
BASE,Top Mount Fixture,"6-3/4"" x 6-3/4""",12,115,27.85,38.93
BASE,Top Mount Fixture,"6-3/4"" x 6-3/4""",12,120,25.15,35.38
BASE,Top Mount Fixture,"6-3/4"" x 6-3/4""",12,130,20.48,29.48
BASE,Top Mount Fixture,"6-3/4"" x 6-3/4""",12,140,16.78,24.71
BASE,Top Mount Fixture,"6-3/4"" x 6-3/4""",12,150,13.8,20.7
BASE,Top Mount Fixture,"6-3/4"" x 6-3/4""",12,160,11.36,17.42
BASE,Top Mount Fixture,"6-3/4"" x 6-3/4""",14,115,21.47,31.36
BASE,Top Mount Fixture,"6-3/4"" x 6-3/4""",14,120,19.11,28.22
BASE,Top Mount Fixture,"6-3/4"" x 6-3/4""",14,130,15.19,22.95
BASE,Top Mount Fixture,"6-3/4"" x 6-3/4""",14,140,12.07,18.76
BASE,Top Mount Fixture,"6-3/4"" x 6-3/4""",14,150,9.55,15.38
BASE,Top Mount Fixture,"6-3/4"" x 6-3/4""",14,160,7.49,12.61
BASE,Top Mount Fixture,"6-3/4"" x 6-3/4""",16,115,16.03,24.49
BASE,Top Mount Fixture,"6-3/4"" x 6-3/4""",16,120,14.03,21.8
BASE,Top Mount Fixture,"6-3/4"" x 6-3/4""",16,130,10.7,17.31
BASE,Top Mount Fixture,"6-3/4"" x 6-3/4""",16,140,8.05,13.76
BASE,Top Mount Fixture,"6-3/4"" x 6-3/4""",16,150,5.92,10.88
BASE,Top Mount Fixture,"6-3/4"" x 6-3/4""",16,160,4.17,8.54
BASE,Top Mount Fixture,"6-3/4"" x 6-3/4""",18,115,11.56,18.89
BASE,Top Mount Fixture,"6-3/4"" x 6-3/4""",18,120,9.84,16.57
BASE,Top Mount Fixture,"6-3/4"" x 6-3/4""",18,130,6.96,12.7
BASE,Top Mount Fixture,"6-3/4"" x 6-3/4""",18,140,4.69,9.63
BASE,Top Mount Fixture,"6-3/4"" x 6-3/4""",18,150,2.85,7.16
BASE,Top Mount Fixture,"6-3/4"" x 6-3/4""",18,160,1.35,5.13
BASE,Top Mount Fixture,"6-3/4"" x 6-3/4""",20,115,7.75,14.18
BASE,Top Mount Fixture,"6-3/4"" x 6-3/4""",20,120,6.25,12.16
BASE,Top Mount Fixture,"6-3/4"" x 6-3/4""",20,130,3.76,8.79
BASE,Top Mount Fixture,"6-3/4"" x 6-3/4""",20,140,1.78,6.11
BASE,Top Mount Fixture,"6-3/4"" x 6-3/4""",20,150,0,3.96
BASE,Top Mount Fixture,"6-3/4"" x 6-3/4""",20,160,0,2.19
BASE,Top Mount Fixture,"6-3/4"" x 6-3/4""",22,115,4.44,10.14
BASE,Top Mount Fixture,"6-3/4"" x 6-3/4""",22,120,3.12,8.36
BASE,Top Mount Fixture,"6-3/4"" x 6-3/4""",22,130,0.93,5.39
BASE,Top Mount Fixture,"6-3/4"" x 6-3/4""",22,140,0,3.04
BASE,Top Mount Fixture,"6-3/4"" x 6-3/4""",22,150,0,1.15
BASE,Top Mount Fixture,"6-3/4"" x 6-3/4""",22,160,0,0
BASE,Top Mount Fixture,"6-3/4"" x 6-3/4""",24,115,1.62,6.78
BASE,Top Mount Fixture,"6-3/4"" x 6-3/4""",24,120,0,5.19
BASE,Top Mount Fixture,"6-3/4"" x 6-3/4""",24,130,0,2.53
BASE,Top Mount Fixture,"6-3/4"" x 6-3/4""",24,140,0,0
BASE,Top Mount Fixture,"6-3/4"" x 6-3/4""",24,150,0,0
BASE,Top Mount Fixture,"6-3/4"" x 6-3/4""",24,160,0,0
BASE,Top Mount Fixture,"6-3/4"" x 6-3/4""",26,115,0,3.57
BASE,Top Mount Fixture,"6-3/4"" x 6-3/4""",26,120,0,2.15
BASE,Top Mount Fixture,"6-3/4"" x 6-3/4""",26,130,0,0
BASE,Top Mount Fixture,"6-3/4"" x 6-3/4""",26,140,0,0
BASE,Top Mount Fixture,"6-3/4"" x 6-3/4""",26,150,0,0
BASE,Top Mount Fixture,"6-3/4"" x 6-3/4""",26,160,0,0
BASE,Top Mount Fixture,"6-3/4"" x 6-3/4""",28,115,0,0.8
BASE,Top Mount Fixture,"6-3/4"" x 6-3/4""",28,120,0,0
BASE,Top Mount Fixture,"6-3/4"" x 6-3/4""",28,130,0,0
BASE,Top Mount Fixture,"6-3/4"" x 6-3/4""",28,140,0,0
BASE,Top Mount Fixture,"6-3/4"" x 6-3/4""",28,150,0,0
BASE,Top Mount Fixture,"6-3/4"" x 6-3/4""",28,160,0,0
BASE,Top Mount Fixture,"8-1/2"" x 8-1/4""",8,115,90.12,122.02
BASE,Top Mount Fixture,"8-1/2"" x 8-1/4""",8,120,82.45,111.73
BASE,Top Mount Fixture,"8-1/2"" x 8-1/4""",8,130,69.66,94.59
BASE,Top Mount Fixture,"8-1/2"" x 8-1/4""",8,140,59.5,80.98
BASE,Top Mount Fixture,"8-1/2"" x 8-1/4""",8,150,51.32,70.02
BASE,Top Mount Fixture,"8-1/2"" x 8-1/4""",8,160,44.61,61.04
BASE,Top Mount Fixture,"8-1/2"" x 8-1/4""",10,115,70.12,95.55
BASE,Top Mount Fixture,"8-1/2"" x 8-1/4""",10,120,63.99,87.34
BASE,Top Mount Fixture,"8-1/2"" x 8-1/4""",10,130,53.78,73.65
BASE,Top Mount Fixture,"8-1/2"" x 8-1/4""",10,140,45.67,62.8
BASE,Top Mount Fixture,"8-1/2"" x 8-1/4""",10,150,39.14,54.04
BASE,Top Mount Fixture,"8-1/2"" x 8-1/4""",10,160,33.79,46.86
BASE,Top Mount Fixture,"8-1/2"" x 8-1/4""",12,115,56.4,77.51
BASE,Top Mount Fixture,"8-1/2"" x 8-1/4""",12,120,51.31,70.7
BASE,Top Mount Fixture,"8-1/2"" x 8-1/4""",12,130,42.82,59.32
BASE,Top Mount Fixture,"8-1/2"" x 8-1/4""",12,140,35.96,50.28
BASE,Top Mount Fixture,"8-1/2"" x 8-1/4""",12,150,30.31,43
BASE,Top Mount Fixture,"8-1/2"" x 8-1/4""",12,160,25.69,36.91
BASE,Top Mount Fixture,"8-1/2"" x 8-1/4""",14,115,45.65,63.49
BASE,Top Mount Fixture,"8-1/2"" x 8-1/4""",14,120,41.16,57.7
BASE,Top Mount Fixture,"8-1/2"" x 8-1/4""",14,130,33.72,48.09
BASE,Top Mount Fixture,"8-1/2"" x 8-1/4""",14,140,27.81,40.21
BASE,Top Mount Fixture,"8-1/2"" x 8-1/4""",14,150,23.04,33.8
BASE,Top Mount Fixture,"8-1/2"" x 8-1/4""",14,160,19.13,28.56
BASE,Top Mount Fixture,"8-1/2"" x 8-1/4""",16,115,36.16,51.87
BASE,Top Mount Fixture,"8-1/2"" x 8-1/4""",16,120,32.36,46.76
BASE,Top Mount Fixture,"8-1/2"" x 8-1/4""",16,130,26.01,38.26
BASE,Top Mount Fixture,"8-1/2"" x 8-1/4""",16,140,20.98,31.5
BASE,Top Mount Fixture,"8-1/2"" x 8-1/4""",16,150,16.92,26.04
BASE,Top Mount Fixture,"8-1/2"" x 8-1/4""",16,160,13.6,21.59
BASE,Top Mount Fixture,"8-1/2"" x 8-1/4""",18,115,28.5,42.06
BASE,Top Mount Fixture,"8-1/2"" x 8-1/4""",18,120,25.21,37.65
BASE,Top Mount Fixture,"8-1/2"" x 8-1/4""",18,130,19.73,30.28
BASE,Top Mount Fixture,"8-1/2"" x 8-1/4""",18,140,15.39,24.45
BASE,Top Mount Fixture,"8-1/2"" x 8-1/4""",18,150,11.88,19.72
BASE,Top Mount Fixture,"8-1/2"" x 8-1/4""",18,160,9.01,15.87
BASE,Top Mount Fixture,"8-1/2"" x 8-1/4""",20,115,22.05,33.97
BASE,Top Mount Fixture,"8-1/2"" x 8-1/4""",20,120,19.17,30.09
BASE,Top Mount Fixture,"8-1/2"" x 8-1/4""",20,130,14.4,23.65
BASE,Top Mount Fixture,"8-1/2"" x 8-1/4""",20,140,10.61,18.54
BASE,Top Mount Fixture,"8-1/2"" x 8-1/4""",20,150,7.55,14.41
BASE,Top Mount Fixture,"8-1/2"" x 8-1/4""",20,160,5.04,11.03
BASE,Top Mount Fixture,"8-1/2"" x 8-1/4""",22,115,16.31,27.07
BASE,Top Mount Fixture,"8-1/2"" x 8-1/4""",22,120,13.8,23.66
BASE,Top Mount Fixture,"8-1/2"" x 8-1/4""",22,130,9.62,17.96
BASE,Top Mount Fixture,"8-1/2"" x 8-1/4""",22,140,6.31,13.45
BASE,Top Mount Fixture,"8-1/2"" x 8-1/4""",22,150,3.63,9.8
BASE,Top Mount Fixture,"8-1/2"" x 8-1/4""",22,160,1.44,6.82
BASE,Top Mount Fixture,"8-1/2"" x 8-1/4""",24,115,11.62,21.41
BASE,Top Mount Fixture,"8-1/2"" x 8-1/4""",24,120,9.39,18.34
BASE,Top Mount Fixture,"8-1/2"" x 8-1/4""",24,130,5.67,13.23
BASE,Top Mount Fixture,"8-1/2"" x 8-1/4""",24,140,2.72,9.18
BASE,Top Mount Fixture,"8-1/2"" x 8-1/4""",24,150,0,5.92
BASE,Top Mount Fixture,"8-1/2"" x 8-1/4""",24,160,0,3.25
BASE,Top Mount Fixture,"8-1/2"" x 8-1/4""",26,115,7.2,16.04
BASE,Top Mount Fixture,"8-1/2"" x 8-1/4""",26,120,5.22,13.29
BASE,Top Mount Fixture,"8-1/2"" x 8-1/4""",26,130,1.92,8.74
BASE,Top Mount Fixture,"8-1/2"" x 8-1/4""",26,140,0,5.12
BASE,Top Mount Fixture,"8-1/2"" x 8-1/4""",26,150,0,2.21
BASE,Top Mount Fixture,"8-1/2"" x 8-1/4""",26,160,0,0
BASE,Top Mount Fixture,"8-1/2"" x 8-1/4""",28,115,3.45,11.55
BASE,Top Mount Fixture,"8-1/2"" x 8-1/4""",28,120,1.66,9.07
BASE,Top Mount Fixture,"8-1/2"" x 8-1/4""",28,130,0,4.94
BASE,Top Mount Fixture,"8-1/2"" x 8-1/4""",28,140,0,1.66
BASE,Top Mount Fixture,"8-1/2"" x 8-1/4""",28,150,0,0
BASE,Top Mount Fixture,"8-1/2"" x 8-1/4""",28,160,0,0
BASE,Top Mount Fixture,"8-1/2"" x 8-1/4""",30,115,0,7.19
BASE,Top Mount Fixture,"8-1/2"" x 8-1/4""",30,120,0,4.96
BASE,Top Mount Fixture,"8-1/2"" x 8-1/4""",30,130,0,1.24
BASE,Top Mount Fixture,"8-1/2"" x 8-1/4""",30,140,0,0
BASE,Top Mount Fixture,"8-1/2"" x 8-1/4""",30,150,0,0
BASE,Top Mount Fixture,"8-1/2"" x 8-1/4""",30,160,0,0
BASE,Two or More Side Mount Fixtures,"5"" x 5-1/2""",8,115,13.86,15.67
BASE,Two or More Side Mount Fixtures,"5"" x 5-1/2""",8,120,12.73,14.39
BASE,Two or More Side Mount Fixtures,"5"" x 5-1/2""",8,130,10.85,12.26
BASE,Two or More Side Mount Fixtures,"5"" x 5-1/2""",8,140,9.35,10.57
BASE,Two or More Side Mount Fixtures,"5"" x 5-1/2""",8,150,8.15,9.21
BASE,Two or More Side Mount Fixtures,"5"" x 5-1/2""",8,160,7.16,8.1
BASE,Two or More Side Mount Fixtures,"5"" x 5-1/2""",10,115,13.85,15.67
BASE,Two or More Side Mount Fixtures,"5"" x 5-1/2""",10,120,12.57,14.39
BASE,Two or More Side Mount Fixtures,"5"" x 5-1/2""",10,130,10.25,12.26
BASE,Two or More Side Mount Fixtures,"5"" x 5-1/2""",10,140,8.25,10.57
BASE,Two or More Side Mount Fixtures,"5"" x 5-1/2""",10,150,6.64,9.21
BASE,Two or More Side Mount Fixtures,"5"" x 5-1/2""",10,160,5.32,8.1
BASE,Two or More Side Mount Fixtures,"5"" x 5-1/2""",12,115,10.22,15.67
BASE,Two or More Side Mount Fixtures,"5"" x 5-1/2""",12,120,8.97,14.39
BASE,Two or More Side Mount Fixtures,"5"" x 5-1/2""",12,130,6.88,12.25
BASE,Two or More Side Mount Fixtures,"5"" x 5-1/2""",12,140,5.23,10.02
BASE,Two or More Side Mount Fixtures,"5"" x 5-1/2""",12,150,3.9,8.12
BASE,Two or More Side Mount Fixtures,"5"" x 5-1/2""",12,160,2.81,6.57
BASE,Two or More Side Mount Fixtures,"5"" x 5-1/2""",14,115,6.9,12.82
BASE,Two or More Side Mount Fixtures,"5"" x 5-1/2""",14,120,5.84,11.32
BASE,Two or More Side Mount Fixtures,"5"" x 5-1/2""",14,130,4.1,8.83
BASE,Two or More Side Mount Fixtures,"5"" x 5-1/2""",14,140,2.71,6.85
BASE,Two or More Side Mount Fixtures,"5"" x 5-1/2""",14,150,1.59,5.27
BASE,Two or More Side Mount Fixtures,"5"" x 5-1/2""",14,160,0.68,3.95
BASE,Two or More Side Mount Fixtures,"5"" x 5-1/2""",16,115,4.04,9.17
BASE,Two or More Side Mount Fixtures,"5"" x 5-1/2""",16,120,3.15,7.91
BASE,Two or More Side Mount Fixtures,"5"" x 5-1/2""",16,130,1.68,5.81
BASE,Two or More Side Mount Fixtures,"5"" x 5-1/2""",16,140,0.51,4.14
BASE,Two or More Side Mount Fixtures,"5"" x 5-1/2""",16,150,0,2.8
BASE,Two or More Side Mount Fixtures,"5"" x 5-1/2""",16,160,0,1.69
BASE,Two or More Side Mount Fixtures,"5"" x 5-1/2""",18,115,1.61,6.15
BASE,Two or More Side Mount Fixtures,"5"" x 5-1/2""",18,120,0.85,5.08
BASE,Two or More Side Mount Fixtures,"5"" x 5-1/2""",18,130,0,3.27
BASE,Two or More Side Mount Fixtures,"5"" x 5-1/2""",18,140,0,1.84
BASE,Two or More Side Mount Fixtures,"5"" x 5-1/2""",18,150,0,0.69
BASE,Two or More Side Mount Fixtures,"5"" x 5-1/2""",18,160,0,0
BASE,Two or More Side Mount Fixtures,"5"" x 5-1/2""",20,115,0,1.27
BASE,Two or More Side Mount Fixtures,"5"" x 5-1/2""",20,120,0,0
BASE,Two or More Side Mount Fixtures,"5"" x 5-1/2""",20,130,0,0
BASE,Two or More Side Mount Fixtures,"5"" x 5-1/2""",20,140,0,0
BASE,Two or More Side Mount Fixtures,"5"" x 5-1/2""",20,150,0,0
BASE,Two or More Side Mount Fixtures,"5"" x 5-1/2""",20,160,0,0
BASE,Two or More Side Mount Fixtures,"6-3/4"" x 6-3/4""",8,115,29.94,33.85
BASE,Two or More Side Mount Fixtures,"6-3/4"" x 6-3/4""",8,120,27.5,31.09
BASE,Two or More Side Mount Fixtures,"6-3/4"" x 6-3/4""",8,130,23.43,26.49
BASE,Two or More Side Mount Fixtures,"6-3/4"" x 6-3/4""",8,140,20.21,22.84
BASE,Two or More Side Mount Fixtures,"6-3/4"" x 6-3/4""",8,150,17.6,19.9
BASE,Two or More Side Mount Fixtures,"6-3/4"" x 6-3/4""",8,160,15.47,17.49
BASE,Two or More Side Mount Fixtures,"6-3/4"" x 6-3/4""",10,115,29.94,33.85
BASE,Two or More Side Mount Fixtures,"6-3/4"" x 6-3/4""",10,120,27.5,31.09
BASE,Two or More Side Mount Fixtures,"6-3/4"" x 6-3/4""",10,130,23.43,26.49
BASE,Two or More Side Mount Fixtures,"6-3/4"" x 6-3/4""",10,140,20.21,22.84
BASE,Two or More Side Mount Fixtures,"6-3/4"" x 6-3/4""",10,150,17.6,19.9
BASE,Two or More Side Mount Fixtures,"6-3/4"" x 6-3/4""",10,160,15.47,17.49
BASE,Two or More Side Mount Fixtures,"6-3/4"" x 6-3/4""",12,115,27.54,33.85
BASE,Two or More Side Mount Fixtures,"6-3/4"" x 6-3/4""",12,120,24.86,31.09
BASE,Two or More Side Mount Fixtures,"6-3/4"" x 6-3/4""",12,130,20.24,26.49
BASE,Two or More Side Mount Fixtures,"6-3/4"" x 6-3/4""",12,140,16.57,22.84
BASE,Two or More Side Mount Fixtures,"6-3/4"" x 6-3/4""",12,150,13.62,19.9
BASE,Two or More Side Mount Fixtures,"6-3/4"" x 6-3/4""",12,160,11.2,17.26
BASE,Two or More Side Mount Fixtures,"6-3/4"" x 6-3/4""",14,115,21.21,31.1
BASE,Two or More Side Mount Fixtures,"6-3/4"" x 6-3/4""",14,120,18.87,27.97
BASE,Two or More Side Mount Fixtures,"6-3/4"" x 6-3/4""",14,130,14.98,22.74
BASE,Two or More Side Mount Fixtures,"6-3/4"" x 6-3/4""",14,140,11.89,18.58
BASE,Two or More Side Mount Fixtures,"6-3/4"" x 6-3/4""",14,150,9.4,15.23
BASE,Two or More Side Mount Fixtures,"6-3/4"" x 6-3/4""",14,160,7.36,12.48
BASE,Two or More Side Mount Fixtures,"6-3/4"" x 6-3/4""",16,115,15.81,24.27
BASE,Two or More Side Mount Fixtures,"6-3/4"" x 6-3/4""",16,120,13.83,21.59
BASE,Two or More Side Mount Fixtures,"6-3/4"" x 6-3/4""",16,130,10.52,17.14
BASE,Two or More Side Mount Fixtures,"6-3/4"" x 6-3/4""",16,140,7.9,13.6
BASE,Two or More Side Mount Fixtures,"6-3/4"" x 6-3/4""",16,150,5.78,10.75
BASE,Two or More Side Mount Fixtures,"6-3/4"" x 6-3/4""",16,160,4.05,8.42
BASE,Two or More Side Mount Fixtures,"6-3/4"" x 6-3/4""",18,115,11.37,18.69
BASE,Two or More Side Mount Fixtures,"6-3/4"" x 6-3/4""",18,120,9.66,16.39
BASE,Two or More Side Mount Fixtures,"6-3/4"" x 6-3/4""",18,130,6.81,12.54
BASE,Two or More Side Mount Fixtures,"6-3/4"" x 6-3/4""",18,140,4.56,9.5
BASE,Two or More Side Mount Fixtures,"6-3/4"" x 6-3/4""",18,150,2.73,7.04
BASE,Two or More Side Mount Fixtures,"6-3/4"" x 6-3/4""",18,160,1.24,5.03
BASE,Two or More Side Mount Fixtures,"6-3/4"" x 6-3/4""",20,115,7.58,14.01
BASE,Two or More Side Mount Fixtures,"6-3/4"" x 6-3/4""",20,120,6.1,12
BASE,Two or More Side Mount Fixtures,"6-3/4"" x 6-3/4""",20,130,3.62,8.65
BASE,Two or More Side Mount Fixtures,"6-3/4"" x 6-3/4""",20,140,1.66,6
BASE,Two or More Side Mount Fixtures,"6-3/4"" x 6-3/4""",20,150,0,3.86
BASE,Two or More Side Mount Fixtures,"6-3/4"" x 6-3/4""",20,160,0,2.1
BASE,Two or More Side Mount Fixtures,"6-3/4"" x 6-3/4""",22,115,4.28,10
BASE,Two or More Side Mount Fixtures,"6-3/4"" x 6-3/4""",22,120,2.98,8.22
BASE,Two or More Side Mount Fixtures,"6-3/4"" x 6-3/4""",22,130,0.81,5.27
BASE,Two or More Side Mount Fixtures,"6-3/4"" x 6-3/4""",22,140,0,2.93
BASE,Two or More Side Mount Fixtures,"6-3/4"" x 6-3/4""",22,150,0,1.06
BASE,Two or More Side Mount Fixtures,"6-3/4"" x 6-3/4""",22,160,0,0
BASE,Two or More Side Mount Fixtures,"6-3/4"" x 6-3/4""",24,115,1.48,6.64
BASE,Two or More Side Mount Fixtures,"6-3/4"" x 6-3/4""",24,120,0,5.06
BASE,Two or More Side Mount Fixtures,"6-3/4"" x 6-3/4""",24,130,0,2.42
BASE,Two or More Side Mount Fixtures,"6-3/4"" x 6-3/4""",24,140,0,0
BASE,Two or More Side Mount Fixtures,"6-3/4"" x 6-3/4""",24,150,0,0
BASE,Two or More Side Mount Fixtures,"6-3/4"" x 6-3/4""",24,160,0,0
BASE,Two or More Side Mount Fixtures,"6-3/4"" x 6-3/4""",26,115,0,3.44
BASE,Two or More Side Mount Fixtures,"6-3/4"" x 6-3/4""",26,120,0,2.03
BASE,Two or More Side Mount Fixtures,"6-3/4"" x 6-3/4""",26,130,0,0
BASE,Two or More Side Mount Fixtures,"6-3/4"" x 6-3/4""",26,140,0,0
BASE,Two or More Side Mount Fixtures,"6-3/4"" x 6-3/4""",26,150,0,0
BASE,Two or More Side Mount Fixtures,"6-3/4"" x 6-3/4""",26,160,0,0
BASE,Two or More Side Mount Fixtures,"6-3/4"" x 6-3/4""",28,115,0,0.69
BASE,Two or More Side Mount Fixtures,"6-3/4"" x 6-3/4""",28,120,0,0
BASE,Two or More Side Mount Fixtures,"6-3/4"" x 6-3/4""",28,130,0,0
BASE,Two or More Side Mount Fixtures,"6-3/4"" x 6-3/4""",28,140,0,0
BASE,Two or More Side Mount Fixtures,"6-3/4"" x 6-3/4""",28,150,0,0
BASE,Two or More Side Mount Fixtures,"6-3/4"" x 6-3/4""",28,160,0,0
BASE,Two or More Side Mount Fixtures,"8-1/2"" x 8-1/4""",8,115,56.95,64.38
BASE,Two or More Side Mount Fixtures,"8-1/2"" x 8-1/4""",8,120,52.31,59.14
BASE,Two or More Side Mount Fixtures,"8-1/2"" x 8-1/4""",8,130,44.58,50.39
BASE,Two or More Side Mount Fixtures,"8-1/2"" x 8-1/4""",8,140,38.43,43.45
BASE,Two or More Side Mount Fixtures,"8-1/2"" x 8-1/4""",8,150,33.48,37.85
BASE,Two or More Side Mount Fixtures,"8-1/2"" x 8-1/4""",8,160,29.43,33.27
BASE,Two or More Side Mount Fixtures,"8-1/2"" x 8-1/4""",10,115,56.95,64.38
BASE,Two or More Side Mount Fixtures,"8-1/2"" x 8-1/4""",10,120,52.31,59.14
BASE,Two or More Side Mount Fixtures,"8-1/2"" x 8-1/4""",10,130,44.58,50.39
BASE,Two or More Side Mount Fixtures,"8-1/2"" x 8-1/4""",10,140,38.43,43.45
BASE,Two or More Side Mount Fixtures,"8-1/2"" x 8-1/4""",10,150,33.48,37.85
BASE,Two or More Side Mount Fixtures,"8-1/2"" x 8-1/4""",10,160,29.43,33.27
BASE,Two or More Side Mount Fixtures,"8-1/2"" x 8-1/4""",12,115,56.09,64.38
BASE,Two or More Side Mount Fixtures,"8-1/2"" x 8-1/4""",12,120,51.02,59.14
BASE,Two or More Side Mount Fixtures,"8-1/2"" x 8-1/4""",12,130,42.58,50.39
BASE,Two or More Side Mount Fixtures,"8-1/2"" x 8-1/4""",12,140,35.75,43.45
BASE,Two or More Side Mount Fixtures,"8-1/2"" x 8-1/4""",12,150,30.13,37.85
BASE,Two or More Side Mount Fixtures,"8-1/2"" x 8-1/4""",12,160,25.53,33.27
BASE,Two or More Side Mount Fixtures,"8-1/2"" x 8-1/4""",14,115,45.38,63.22
BASE,Two or More Side Mount Fixtures,"8-1/2"" x 8-1/4""",14,120,40.92,57.46
BASE,Two or More Side Mount Fixtures,"8-1/2"" x 8-1/4""",14,130,33.52,47.89
BASE,Two or More Side Mount Fixtures,"8-1/2"" x 8-1/4""",14,140,27.63,40.03
BASE,Two or More Side Mount Fixtures,"8-1/2"" x 8-1/4""",14,150,22.89,33.65
BASE,Two or More Side Mount Fixtures,"8-1/2"" x 8-1/4""",14,160,19,28.42
BASE,Two or More Side Mount Fixtures,"8-1/2"" x 8-1/4""",16,115,35.93,51.64
BASE,Two or More Side Mount Fixtures,"8-1/2"" x 8-1/4""",16,120,32.15,46.55
BASE,Two or More Side Mount Fixtures,"8-1/2"" x 8-1/4""",16,130,25.84,38.08
BASE,Two or More Side Mount Fixtures,"8-1/2"" x 8-1/4""",16,140,20.83,31.34
BASE,Two or More Side Mount Fixtures,"8-1/2"" x 8-1/4""",16,150,16.79,25.91
BASE,Two or More Side Mount Fixtures,"8-1/2"" x 8-1/4""",16,160,13.49,21.47
BASE,Two or More Side Mount Fixtures,"8-1/2"" x 8-1/4""",18,115,28.31,41.87
BASE,Two or More Side Mount Fixtures,"8-1/2"" x 8-1/4""",18,120,25.03,37.47
BASE,Two or More Side Mount Fixtures,"8-1/2"" x 8-1/4""",18,130,19.58,30.13
BASE,Two or More Side Mount Fixtures,"8-1/2"" x 8-1/4""",18,140,15.26,24.31
BASE,Two or More Side Mount Fixtures,"8-1/2"" x 8-1/4""",18,150,11.76,19.61
BASE,Two or More Side Mount Fixtures,"8-1/2"" x 8-1/4""",18,160,8.91,15.77
BASE,Two or More Side Mount Fixtures,"8-1/2"" x 8-1/4""",20,115,21.87,33.8
BASE,Two or More Side Mount Fixtures,"8-1/2"" x 8-1/4""",20,120,19.02,29.94
BASE,Two or More Side Mount Fixtures,"8-1/2"" x 8-1/4""",20,130,14.26,23.52
BASE,Two or More Side Mount Fixtures,"8-1/2"" x 8-1/4""",20,140,10.49,18.42
BASE,Two or More Side Mount Fixtures,"8-1/2"" x 8-1/4""",20,150,7.45,14.31
BASE,Two or More Side Mount Fixtures,"8-1/2"" x 8-1/4""",20,160,4.95,10.94
BASE,Two or More Side Mount Fixtures,"8-1/2"" x 8-1/4""",22,115,16.16,26.92
BASE,Two or More Side Mount Fixtures,"8-1/2"" x 8-1/4""",22,120,13.66,23.52
BASE,Two or More Side Mount Fixtures,"8-1/2"" x 8-1/4""",22,130,9.5,17.84
BASE,Two or More Side Mount Fixtures,"8-1/2"" x 8-1/4""",22,140,6.2,13.34
BASE,Two or More Side Mount Fixtures,"8-1/2"" x 8-1/4""",22,150,3.54,9.71
BASE,Two or More Side Mount Fixtures,"8-1/2"" x 8-1/4""",22,160,1.36,6.74
BASE,Two or More Side Mount Fixtures,"8-1/2"" x 8-1/4""",24,115,11.48,21.27
BASE,Two or More Side Mount Fixtures,"8-1/2"" x 8-1/4""",24,120,9.26,18.21
BASE,Two or More Side Mount Fixtures,"8-1/2"" x 8-1/4""",24,130,5.56,13.1
BASE,Two or More Side Mount Fixtures,"8-1/2"" x 8-1/4""",24,140,2.62,9.09
BASE,Two or More Side Mount Fixtures,"8-1/2"" x 8-1/4""",24,150,0,5.84
BASE,Two or More Side Mount Fixtures,"8-1/2"" x 8-1/4""",24,160,0,3.18
BASE,Two or More Side Mount Fixtures,"8-1/2"" x 8-1/4""",26,115,7.08,15.91
BASE,Two or More Side Mount Fixtures,"8-1/2"" x 8-1/4""",26,120,5.1,13.18
BASE,Two or More Side Mount Fixtures,"8-1/2"" x 8-1/4""",26,130,1.82,8.64
BASE,Two or More Side Mount Fixtures,"8-1/2"" x 8-1/4""",26,140,0,5.04
BASE,Two or More Side Mount Fixtures,"8-1/2"" x 8-1/4""",26,150,0,2.13
BASE,Two or More Side Mount Fixtures,"8-1/2"" x 8-1/4""",26,160,0,0
BASE,Two or More Side Mount Fixtures,"8-1/2"" x 8-1/4""",28,115,3.33,11.44
BASE,Two or More Side Mount Fixtures,"8-1/2"" x 8-1/4""",28,120,1.56,8.96
BASE,Two or More Side Mount Fixtures,"8-1/2"" x 8-1/4""",28,130,0,4.85
BASE,Two or More Side Mount Fixtures,"8-1/2"" x 8-1/4""",28,140,0,1.59
BASE,Two or More Side Mount Fixtures,"8-1/2"" x 8-1/4""",28,150,0,0
BASE,Two or More Side Mount Fixtures,"8-1/2"" x 8-1/4""",28,160,0,0
BASE,Two or More Side Mount Fixtures,"8-1/2"" x 8-1/4""",30,115,0,7.08
BASE,Two or More Side Mount Fixtures,"8-1/2"" x 8-1/4""",30,120,0,4.86
BASE,Two or More Side Mount Fixtures,"8-1/2"" x 8-1/4""",30,130,0,1.16
BASE,Two or More Side Mount Fixtures,"8-1/2"" x 8-1/4""",30,140,0,0
BASE,Two or More Side Mount Fixtures,"8-1/2"" x 8-1/4""",30,150,0,0
BASE,Two or More Side Mount Fixtures,"8-1/2"" x 8-1/4""",30,160,0,0
DIRECT EMBEDMENT,Single Side Mount Fixture,"5"" x 5-1/2""",8,115,6.06,6.85
DIRECT EMBEDMENT,Single Side Mount Fixture,"5"" x 5-1/2""",8,120,5.57,6.3
DIRECT EMBEDMENT,Single Side Mount Fixture,"5"" x 5-1/2""",8,130,4.75,5.36
DIRECT EMBEDMENT,Single Side Mount Fixture,"5"" x 5-1/2""",8,140,4.09,4.63
DIRECT EMBEDMENT,Single Side Mount Fixture,"5"" x 5-1/2""",8,150,3.56,4.03
DIRECT EMBEDMENT,Single Side Mount Fixture,"5"" x 5-1/2""",8,160,3.13,3.54
DIRECT EMBEDMENT,Single Side Mount Fixture,"5"" x 5-1/2""",10,115,6.06,6.85
DIRECT EMBEDMENT,Single Side Mount Fixture,"5"" x 5-1/2""",10,120,5.57,6.3
DIRECT EMBEDMENT,Single Side Mount Fixture,"5"" x 5-1/2""",10,130,4.75,5.36
DIRECT EMBEDMENT,Single Side Mount Fixture,"5"" x 5-1/2""",10,140,4.09,4.63
DIRECT EMBEDMENT,Single Side Mount Fixture,"5"" x 5-1/2""",10,150,3.56,4.03
DIRECT EMBEDMENT,Single Side Mount Fixture,"5"" x 5-1/2""",10,160,3.13,3.54
DIRECT EMBEDMENT,Single Side Mount Fixture,"5"" x 5-1/2""",12,115,6.06,6.85
DIRECT EMBEDMENT,Single Side Mount Fixture,"5"" x 5-1/2""",12,120,5.57,6.3
DIRECT EMBEDMENT,Single Side Mount Fixture,"5"" x 5-1/2""",12,130,4.4,5.36
DIRECT EMBEDMENT,Single Side Mount Fixture,"5"" x 5-1/2""",12,140,3.09,4.63
DIRECT EMBEDMENT,Single Side Mount Fixture,"5"" x 5-1/2""",12,150,2.03,4.03
DIRECT EMBEDMENT,Single Side Mount Fixture,"5"" x 5-1/2""",12,160,1.17,3.54
DIRECT EMBEDMENT,Single Side Mount Fixture,"5"" x 5-1/2""",14,115,4.22,6.78
DIRECT EMBEDMENT,Single Side Mount Fixture,"5"" x 5-1/2""",14,120,3.38,6.22
DIRECT EMBEDMENT,Single Side Mount Fixture,"5"" x 5-1/2""",14,130,2,5.3
DIRECT EMBEDMENT,Single Side Mount Fixture,"5"" x 5-1/2""",14,140,0.9,4.31
DIRECT EMBEDMENT,Single Side Mount Fixture,"5"" x 5-1/2""",14,150,0,3.04
DIRECT EMBEDMENT,Single Side Mount Fixture,"5"" x 5-1/2""",14,160,0,2.01
DIRECT EMBEDMENT,Single Side Mount Fixture,"5"" x 5-1/2""",16,115,1.75,5.96
DIRECT EMBEDMENT,Single Side Mount Fixture,"5"" x 5-1/2""",16,120,1.05,4.96
DIRECT EMBEDMENT,Single Side Mount Fixture,"5"" x 5-1/2""",16,130,0,3.3
DIRECT EMBEDMENT,Single Side Mount Fixture,"5"" x 5-1/2""",16,140,0,1.97
DIRECT EMBEDMENT,Single Side Mount Fixture,"5"" x 5-1/2""",16,150,0,0.91
DIRECT EMBEDMENT,Single Side Mount Fixture,"5"" x 5-1/2""",16,160,0,0
DIRECT EMBEDMENT,Single Side Mount Fixture,"5"" x 5-1/2""",18,115,0,3.37
DIRECT EMBEDMENT,Single Side Mount Fixture,"5"" x 5-1/2""",18,120,0,2.52
DIRECT EMBEDMENT,Single Side Mount Fixture,"5"" x 5-1/2""",18,130,0,1.1
DIRECT EMBEDMENT,Single Side Mount Fixture,"5"" x 5-1/2""",18,140,0,0
DIRECT EMBEDMENT,Single Side Mount Fixture,"5"" x 5-1/2""",18,150,0,0
DIRECT EMBEDMENT,Single Side Mount Fixture,"5"" x 5-1/2""",18,160,0,0
DIRECT EMBEDMENT,Single Side Mount Fixture,"5"" x 5-1/2""",20,115,0,1.12
DIRECT EMBEDMENT,Single Side Mount Fixture,"5"" x 5-1/2""",20,120,0,0
DIRECT EMBEDMENT,Single Side Mount Fixture,"5"" x 5-1/2""",20,130,0,0
DIRECT EMBEDMENT,Single Side Mount Fixture,"5"" x 5-1/2""",20,140,0,0
DIRECT EMBEDMENT,Single Side Mount Fixture,"5"" x 5-1/2""",20,150,0,0
DIRECT EMBEDMENT,Single Side Mount Fixture,"5"" x 5-1/2""",20,160,0,0
DIRECT EMBEDMENT,Single Side Mount Fixture,"6-3/4"" x 6-3/4""",8,115,13.1,14.81
DIRECT EMBEDMENT,Single Side Mount Fixture,"6-3/4"" x 6-3/4""",8,120,12.03,13.6
DIRECT EMBEDMENT,Single Side Mount Fixture,"6-3/4"" x 6-3/4""",8,130,10.25,11.59
DIRECT EMBEDMENT,Single Side Mount Fixture,"6-3/4"" x 6-3/4""",8,140,8.84,10
DIRECT EMBEDMENT,Single Side Mount Fixture,"6-3/4"" x 6-3/4""",8,150,7.7,8.71
DIRECT EMBEDMENT,Single Side Mount Fixture,"6-3/4"" x 6-3/4""",8,160,6.77,7.65
DIRECT EMBEDMENT,Single Side Mount Fixture,"6-3/4"" x 6-3/4""",10,115,13.1,14.81
DIRECT EMBEDMENT,Single Side Mount Fixture,"6-3/4"" x 6-3/4""",10,120,12.03,13.6
DIRECT EMBEDMENT,Single Side Mount Fixture,"6-3/4"" x 6-3/4""",10,130,10.25,11.59
DIRECT EMBEDMENT,Single Side Mount Fixture,"6-3/4"" x 6-3/4""",10,140,8.84,10
DIRECT EMBEDMENT,Single Side Mount Fixture,"6-3/4"" x 6-3/4""",10,150,7.7,8.71
DIRECT EMBEDMENT,Single Side Mount Fixture,"6-3/4"" x 6-3/4""",10,160,6.77,7.65
DIRECT EMBEDMENT,Single Side Mount Fixture,"6-3/4"" x 6-3/4""",12,115,13.1,14.81
DIRECT EMBEDMENT,Single Side Mount Fixture,"6-3/4"" x 6-3/4""",12,120,12.03,13.6
DIRECT EMBEDMENT,Single Side Mount Fixture,"6-3/4"" x 6-3/4""",12,130,10.25,11.59
DIRECT EMBEDMENT,Single Side Mount Fixture,"6-3/4"" x 6-3/4""",12,140,8.84,10
DIRECT EMBEDMENT,Single Side Mount Fixture,"6-3/4"" x 6-3/4""",12,150,7.7,8.71
DIRECT EMBEDMENT,Single Side Mount Fixture,"6-3/4"" x 6-3/4""",12,160,6.77,7.65
DIRECT EMBEDMENT,Single Side Mount Fixture,"6-3/4"" x 6-3/4""",14,115,12.95,14.64
DIRECT EMBEDMENT,Single Side Mount Fixture,"6-3/4"" x 6-3/4""",14,120,11.89,13.44
DIRECT EMBEDMENT,Single Side Mount Fixture,"6-3/4"" x 6-3/4""",14,130,10.13,11.46
DIRECT EMBEDMENT,Single Side Mount Fixture,"6-3/4"" x 6-3/4""",14,140,7.95,9.88
DIRECT EMBEDMENT,Single Side Mount Fixture,"6-3/4"" x 6-3/4""",14,150,5.96,8.6
DIRECT EMBEDMENT,Single Side Mount Fixture,"6-3/4"" x 6-3/4""",14,160,4.34,7.56
DIRECT EMBEDMENT,Single Side Mount Fixture,"6-3/4"" x 6-3/4""",16,115,10.82,14.3
DIRECT EMBEDMENT,Single Side Mount Fixture,"6-3/4"" x 6-3/4""",16,120,9.24,13.14
DIRECT EMBEDMENT,Single Side Mount Fixture,"6-3/4"" x 6-3/4""",16,130,6.62,11.2
DIRECT EMBEDMENT,Single Side Mount Fixture,"6-3/4"" x 6-3/4""",16,140,4.53,9.1
DIRECT EMBEDMENT,Single Side Mount Fixture,"6-3/4"" x 6-3/4""",16,150,2.85,6.83
DIRECT EMBEDMENT,Single Side Mount Fixture,"6-3/4"" x 6-3/4""",16,160,1.48,4.98
DIRECT EMBEDMENT,Single Side Mount Fixture,"6-3/4"" x 6-3/4""",18,115,7.04,12.91
DIRECT EMBEDMENT,Single Side Mount Fixture,"6-3/4"" x 6-3/4""",18,120,5.68,11.07
DIRECT EMBEDMENT,Single Side Mount Fixture,"6-3/4"" x 6-3/4""",18,130,3.43,8.02
DIRECT EMBEDMENT,Single Side Mount Fixture,"6-3/4"" x 6-3/4""",18,140,1.64,5.6
DIRECT EMBEDMENT,Single Side Mount Fixture,"6-3/4"" x 6-3/4""",18,150,0,3.65
DIRECT EMBEDMENT,Single Side Mount Fixture,"6-3/4"" x 6-3/4""",18,160,0,2.04
DIRECT EMBEDMENT,Single Side Mount Fixture,"6-3/4"" x 6-3/4""",20,115,3.78,8.94
DIRECT EMBEDMENT,Single Side Mount Fixture,"6-3/4"" x 6-3/4""",20,120,2.61,7.34
DIRECT EMBEDMENT,Single Side Mount Fixture,"6-3/4"" x 6-3/4""",20,130,0.65,4.69
DIRECT EMBEDMENT,Single Side Mount Fixture,"6-3/4"" x 6-3/4""",20,140,0,2.58
DIRECT EMBEDMENT,Single Side Mount Fixture,"6-3/4"" x 6-3/4""",20,150,0,0.88
DIRECT EMBEDMENT,Single Side Mount Fixture,"6-3/4"" x 6-3/4""",20,160,0,0
DIRECT EMBEDMENT,Single Side Mount Fixture,"6-3/4"" x 6-3/4""",22,115,0.91,5.49
DIRECT EMBEDMENT,Single Side Mount Fixture,"6-3/4"" x 6-3/4""",22,120,0,4.1
DIRECT EMBEDMENT,Single Side Mount Fixture,"6-3/4"" x 6-3/4""",22,130,0,1.76
DIRECT EMBEDMENT,Single Side Mount Fixture,"6-3/4"" x 6-3/4""",22,140,0,0
DIRECT EMBEDMENT,Single Side Mount Fixture,"6-3/4"" x 6-3/4""",22,150,0,0
DIRECT EMBEDMENT,Single Side Mount Fixture,"6-3/4"" x 6-3/4""",22,160,0,0
DIRECT EMBEDMENT,Single Side Mount Fixture,"6-3/4"" x 6-3/4""",24,115,0,2.58
DIRECT EMBEDMENT,Single Side Mount Fixture,"6-3/4"" x 6-3/4""",24,120,0,1.34
DIRECT EMBEDMENT,Single Side Mount Fixture,"6-3/4"" x 6-3/4""",24,130,0,0
DIRECT EMBEDMENT,Single Side Mount Fixture,"6-3/4"" x 6-3/4""",24,140,0,0
DIRECT EMBEDMENT,Single Side Mount Fixture,"6-3/4"" x 6-3/4""",24,150,0,0
DIRECT EMBEDMENT,Single Side Mount Fixture,"6-3/4"" x 6-3/4""",24,160,0,0
DIRECT EMBEDMENT,Single Side Mount Fixture,"8-1/2"" x 8-1/4""",8,115,24.92,28.17
DIRECT EMBEDMENT,Single Side Mount Fixture,"8-1/2"" x 8-1/4""",8,120,22.89,25.87
DIRECT EMBEDMENT,Single Side Mount Fixture,"8-1/2"" x 8-1/4""",8,130,19.5,22.05
DIRECT EMBEDMENT,Single Side Mount Fixture,"8-1/2"" x 8-1/4""",8,140,16.81,19.01
DIRECT EMBEDMENT,Single Side Mount Fixture,"8-1/2"" x 8-1/4""",8,150,14.65,16.56
DIRECT EMBEDMENT,Single Side Mount Fixture,"8-1/2"" x 8-1/4""",8,160,12.87,14.55
DIRECT EMBEDMENT,Single Side Mount Fixture,"8-1/2"" x 8-1/4""",10,115,24.92,28.17
DIRECT EMBEDMENT,Single Side Mount Fixture,"8-1/2"" x 8-1/4""",10,120,22.89,25.87
DIRECT EMBEDMENT,Single Side Mount Fixture,"8-1/2"" x 8-1/4""",10,130,19.5,22.05
DIRECT EMBEDMENT,Single Side Mount Fixture,"8-1/2"" x 8-1/4""",10,140,16.81,19.01
DIRECT EMBEDMENT,Single Side Mount Fixture,"8-1/2"" x 8-1/4""",10,150,14.65,16.56
DIRECT EMBEDMENT,Single Side Mount Fixture,"8-1/2"" x 8-1/4""",10,160,12.87,14.55
DIRECT EMBEDMENT,Single Side Mount Fixture,"8-1/2"" x 8-1/4""",12,115,24.92,28.17
DIRECT EMBEDMENT,Single Side Mount Fixture,"8-1/2"" x 8-1/4""",12,120,22.89,25.87
DIRECT EMBEDMENT,Single Side Mount Fixture,"8-1/2"" x 8-1/4""",12,130,19.5,22.05
DIRECT EMBEDMENT,Single Side Mount Fixture,"8-1/2"" x 8-1/4""",12,140,16.81,19.01
DIRECT EMBEDMENT,Single Side Mount Fixture,"8-1/2"" x 8-1/4""",12,150,14.65,16.56
DIRECT EMBEDMENT,Single Side Mount Fixture,"8-1/2"" x 8-1/4""",12,160,12.87,14.55
DIRECT EMBEDMENT,Single Side Mount Fixture,"8-1/2"" x 8-1/4""",14,115,24.63,27.85
DIRECT EMBEDMENT,Single Side Mount Fixture,"8-1/2"" x 8-1/4""",14,120,22.62,25.57
DIRECT EMBEDMENT,Single Side Mount Fixture,"8-1/2"" x 8-1/4""",14,130,19.28,21.79
DIRECT EMBEDMENT,Single Side Mount Fixture,"8-1/2"" x 8-1/4""",14,140,16.62,18.79
DIRECT EMBEDMENT,Single Side Mount Fixture,"8-1/2"" x 8-1/4""",14,150,14.48,16.37
DIRECT EMBEDMENT,Single Side Mount Fixture,"8-1/2"" x 8-1/4""",14,160,12.72,14.38
DIRECT EMBEDMENT,Single Side Mount Fixture,"8-1/2"" x 8-1/4""",16,115,24.07,27.21
DIRECT EMBEDMENT,Single Side Mount Fixture,"8-1/2"" x 8-1/4""",16,120,22.11,24.99
DIRECT EMBEDMENT,Single Side Mount Fixture,"8-1/2"" x 8-1/4""",16,130,18.46,21.29
DIRECT EMBEDMENT,Single Side Mount Fixture,"8-1/2"" x 8-1/4""",16,140,14.47,18.36
DIRECT EMBEDMENT,Single Side Mount Fixture,"8-1/2"" x 8-1/4""",16,150,11.25,15.99
DIRECT EMBEDMENT,Single Side Mount Fixture,"8-1/2"" x 8-1/4""",16,160,8.62,14.06
DIRECT EMBEDMENT,Single Side Mount Fixture,"8-1/2"" x 8-1/4""",18,115,20.13,26.61
DIRECT EMBEDMENT,Single Side Mount Fixture,"8-1/2"" x 8-1/4""",18,120,17.52,24.44
DIRECT EMBEDMENT,Single Side Mount Fixture,"8-1/2"" x 8-1/4""",18,130,13.18,20.82
DIRECT EMBEDMENT,Single Side Mount Fixture,"8-1/2"" x 8-1/4""",18,140,9.74,16.93
DIRECT EMBEDMENT,Single Side Mount Fixture,"8-1/2"" x 8-1/4""",18,150,6.96,13.18
DIRECT EMBEDMENT,Single Side Mount Fixture,"8-1/2"" x 8-1/4""",18,160,4.68,10.1
DIRECT EMBEDMENT,Single Side Mount Fixture,"8-1/2"" x 8-1/4""",20,115,14.69,24.19
DIRECT EMBEDMENT,Single Side Mount Fixture,"8-1/2"" x 8-1/4""",20,120,12.42,21.11
DIRECT EMBEDMENT,Single Side Mount Fixture,"8-1/2"" x 8-1/4""",20,130,8.64,16
DIRECT EMBEDMENT,Single Side Mount Fixture,"8-1/2"" x 8-1/4""",20,140,5.65,11.94
DIRECT EMBEDMENT,Single Side Mount Fixture,"8-1/2"" x 8-1/4""",20,150,3.22,8.66
DIRECT EMBEDMENT,Single Side Mount Fixture,"8-1/2"" x 8-1/4""",20,160,1.24,5.98
DIRECT EMBEDMENT,Single Side Mount Fixture,"8-1/2"" x 8-1/4""",22,115,9.84,18.39
DIRECT EMBEDMENT,Single Side Mount Fixture,"8-1/2"" x 8-1/4""",22,120,7.86,15.68
DIRECT EMBEDMENT,Single Side Mount Fixture,"8-1/2"" x 8-1/4""",22,130,4.55,11.16
DIRECT EMBEDMENT,Single Side Mount Fixture,"8-1/2"" x 8-1/4""",22,140,1.94,7.59
DIRECT EMBEDMENT,Single Side Mount Fixture,"8-1/2"" x 8-1/4""",22,150,0,4.7
DIRECT EMBEDMENT,Single Side Mount Fixture,"8-1/2"" x 8-1/4""",22,160,0,2.34
DIRECT EMBEDMENT,Single Side Mount Fixture,"8-1/2"" x 8-1/4""",24,115,5.81,13.57
DIRECT EMBEDMENT,Single Side Mount Fixture,"8-1/2"" x 8-1/4""",24,120,4.05,11.14
DIRECT EMBEDMENT,Single Side Mount Fixture,"8-1/2"" x 8-1/4""",24,130,1.12,7.1
DIRECT EMBEDMENT,Single Side Mount Fixture,"8-1/2"" x 8-1/4""",24,140,0,3.9
DIRECT EMBEDMENT,Single Side Mount Fixture,"8-1/2"" x 8-1/4""",24,150,0,1.32
DIRECT EMBEDMENT,Single Side Mount Fixture,"8-1/2"" x 8-1/4""",24,160,0,0
DIRECT EMBEDMENT,Single Side Mount Fixture,"8-1/2"" x 8-1/4""",26,115,1.99,8.99
DIRECT EMBEDMENT,Single Side Mount Fixture,"8-1/2"" x 8-1/4""",26,120,0,6.83
DIRECT EMBEDMENT,Single Side Mount Fixture,"8-1/2"" x 8-1/4""",26,130,0,3.23
DIRECT EMBEDMENT,Single Side Mount Fixture,"8-1/2"" x 8-1/4""",26,140,0,0
DIRECT EMBEDMENT,Single Side Mount Fixture,"8-1/2"" x 8-1/4""",26,150,0,0
DIRECT EMBEDMENT,Single Side Mount Fixture,"8-1/2"" x 8-1/4""",26,160,0,0
DIRECT EMBEDMENT,Single Side Mount Fixture,"8-1/2"" x 8-1/4""",28,115,0,5.12
DIRECT EMBEDMENT,Single Side Mount Fixture,"8-1/2"" x 8-1/4""",28,120,0,3.17
DIRECT EMBEDMENT,Single Side Mount Fixture,"8-1/2"" x 8-1/4""",28,130,0,0
DIRECT EMBEDMENT,Single Side Mount Fixture,"8-1/2"" x 8-1/4""",28,140,0,0
DIRECT EMBEDMENT,Single Side Mount Fixture,"8-1/2"" x 8-1/4""",28,150,0,0
DIRECT EMBEDMENT,Single Side Mount Fixture,"8-1/2"" x 8-1/4""",28,160,0,0
DIRECT EMBEDMENT,Single Side Mount Fixture,"8-1/2"" x 8-1/4""",30,115,0,1.34
DIRECT EMBEDMENT,Single Side Mount Fixture,"8-1/2"" x 8-1/4""",30,120,0,0
DIRECT EMBEDMENT,Single Side Mount Fixture,"8-1/2"" x 8-1/4""",30,130,0,0
DIRECT EMBEDMENT,Single Side Mount Fixture,"8-1/2"" x 8-1/4""",30,140,0,0
DIRECT EMBEDMENT,Single Side Mount Fixture,"8-1/2"" x 8-1/4""",30,150,0,0
DIRECT EMBEDMENT,Single Side Mount Fixture,"8-1/2"" x 8-1/4""",30,160,0,0
DIRECT EMBEDMENT,Top Mount Fixture,"5"" x 5-1/2""",8,115,14.96,22.33
DIRECT EMBEDMENT,Top Mount Fixture,"5"" x 5-1/2""",8,120,13.56,20.33
DIRECT EMBEDMENT,Top Mount Fixture,"5"" x 5-1/2""",8,130,11.21,17.01
DIRECT EMBEDMENT,Top Mount Fixture,"5"" x 5-1/2""",8,140,9.35,14.38
DIRECT EMBEDMENT,Top Mount Fixture,"5"" x 5-1/2""",8,150,7.76,12.25
DIRECT EMBEDMENT,Top Mount Fixture,"5"" x 5-1/2""",8,160,6.41,10.51
DIRECT EMBEDMENT,Top Mount Fixture,"5"" x 5-1/2""",10,115,10.84,16.78
DIRECT EMBEDMENT,Top Mount Fixture,"5"" x 5-1/2""",10,120,9.61,15.19
DIRECT EMBEDMENT,Top Mount Fixture,"5"" x 5-1/2""",10,130,7.56,12.55
DIRECT EMBEDMENT,Top Mount Fixture,"5"" x 5-1/2""",10,140,5.93,10.46
DIRECT EMBEDMENT,Top Mount Fixture,"5"" x 5-1/2""",10,150,4.62,8.65
DIRECT EMBEDMENT,Top Mount Fixture,"5"" x 5-1/2""",10,160,3.54,7.13
DIRECT EMBEDMENT,Top Mount Fixture,"5"" x 5-1/2""",12,115,7.36,12.86
DIRECT EMBEDMENT,Top Mount Fixture,"5"" x 5-1/2""",12,120,6.34,11.52
DIRECT EMBEDMENT,Top Mount Fixture,"5"" x 5-1/2""",12,130,4.65,9.12
DIRECT EMBEDMENT,Top Mount Fixture,"5"" x 5-1/2""",12,140,3.3,7.21
DIRECT EMBEDMENT,Top Mount Fixture,"5"" x 5-1/2""",12,150,2.22,5.67
DIRECT EMBEDMENT,Top Mount Fixture,"5"" x 5-1/2""",12,160,1.33,4.41
DIRECT EMBEDMENT,Top Mount Fixture,"5"" x 5-1/2""",14,115,4.48,9.3
DIRECT EMBEDMENT,Top Mount Fixture,"5"" x 5-1/2""",14,120,3.62,8.09
DIRECT EMBEDMENT,Top Mount Fixture,"5"" x 5-1/2""",14,130,2.21,6.08
DIRECT EMBEDMENT,Top Mount Fixture,"5"" x 5-1/2""",14,140,1.08,4.48
DIRECT EMBEDMENT,Top Mount Fixture,"5"" x 5-1/2""",14,150,0,3.2
DIRECT EMBEDMENT,Top Mount Fixture,"5"" x 5-1/2""",14,160,0,2.15
DIRECT EMBEDMENT,Top Mount Fixture,"5"" x 5-1/2""",16,115,1.98,6.18
DIRECT EMBEDMENT,Top Mount Fixture,"5"" x 5-1/2""",16,120,1.26,5.17
DIRECT EMBEDMENT,Top Mount Fixture,"5"" x 5-1/2""",16,130,0,3.47
DIRECT EMBEDMENT,Top Mount Fixture,"5"" x 5-1/2""",16,140,0,2.13
DIRECT EMBEDMENT,Top Mount Fixture,"5"" x 5-1/2""",16,150,0,1.04
DIRECT EMBEDMENT,Top Mount Fixture,"5"" x 5-1/2""",16,160,0,0
DIRECT EMBEDMENT,Top Mount Fixture,"5"" x 5-1/2""",18,115,0,3.57
DIRECT EMBEDMENT,Top Mount Fixture,"5"" x 5-1/2""",18,120,0,2.7
DIRECT EMBEDMENT,Top Mount Fixture,"5"" x 5-1/2""",18,130,0,1.25
DIRECT EMBEDMENT,Top Mount Fixture,"5"" x 5-1/2""",18,140,0,0
DIRECT EMBEDMENT,Top Mount Fixture,"5"" x 5-1/2""",18,150,0,0
DIRECT EMBEDMENT,Top Mount Fixture,"5"" x 5-1/2""",18,160,0,0
DIRECT EMBEDMENT,Top Mount Fixture,"5"" x 5-1/2""",20,115,0,1.29
DIRECT EMBEDMENT,Top Mount Fixture,"5"" x 5-1/2""",20,120,0,0.55
DIRECT EMBEDMENT,Top Mount Fixture,"5"" x 5-1/2""",20,130,0,0
DIRECT EMBEDMENT,Top Mount Fixture,"5"" x 5-1/2""",20,140,0,0
DIRECT EMBEDMENT,Top Mount Fixture,"5"" x 5-1/2""",20,150,0,0
DIRECT EMBEDMENT,Top Mount Fixture,"5"" x 5-1/2""",20,160,0,0
DIRECT EMBEDMENT,Top Mount Fixture,"6-3/4"" x 6-3/4""",8,115,36.11,49.45
DIRECT EMBEDMENT,Top Mount Fixture,"6-3/4"" x 6-3/4""",8,120,32.92,45.18
DIRECT EMBEDMENT,Top Mount Fixture,"6-3/4"" x 6-3/4""",8,130,27.61,38.06
DIRECT EMBEDMENT,Top Mount Fixture,"6-3/4"" x 6-3/4""",8,140,23.39,32.4
DIRECT EMBEDMENT,Top Mount Fixture,"6-3/4"" x 6-3/4""",8,150,19.99,27.84
DIRECT EMBEDMENT,Top Mount Fixture,"6-3/4"" x 6-3/4""",8,160,17.19,24.11
DIRECT EMBEDMENT,Top Mount Fixture,"6-3/4"" x 6-3/4""",10,115,27.42,38.07
DIRECT EMBEDMENT,Top Mount Fixture,"6-3/4"" x 6-3/4""",10,120,24.88,34.67
DIRECT EMBEDMENT,Top Mount Fixture,"6-3/4"" x 6-3/4""",10,130,20.56,28.98
DIRECT EMBEDMENT,Top Mount Fixture,"6-3/4"" x 6-3/4""",10,140,17,24.48
DIRECT EMBEDMENT,Top Mount Fixture,"6-3/4"" x 6-3/4""",10,150,14.12,20.77
DIRECT EMBEDMENT,Top Mount Fixture,"6-3/4"" x 6-3/4""",10,160,11.77,17.61
DIRECT EMBEDMENT,Top Mount Fixture,"6-3/4"" x 6-3/4""",12,115,21.03,30.2
DIRECT EMBEDMENT,Top Mount Fixture,"6-3/4"" x 6-3/4""",12,120,18.8,27.37
DIRECT EMBEDMENT,Top Mount Fixture,"6-3/4"" x 6-3/4""",12,130,15.07,22.43
DIRECT EMBEDMENT,Top Mount Fixture,"6-3/4"" x 6-3/4""",12,140,12.12,18.46
DIRECT EMBEDMENT,Top Mount Fixture,"6-3/4"" x 6-3/4""",12,150,9.74,15.26
DIRECT EMBEDMENT,Top Mount Fixture,"6-3/4"" x 6-3/4""",12,160,7.78,12.64
DIRECT EMBEDMENT,Top Mount Fixture,"6-3/4"" x 6-3/4""",14,115,15.63,23.57
DIRECT EMBEDMENT,Top Mount Fixture,"6-3/4"" x 6-3/4""",14,120,13.74,21.03
DIRECT EMBEDMENT,Top Mount Fixture,"6-3/4"" x 6-3/4""",14,130,10.61,16.83
DIRECT EMBEDMENT,Top Mount Fixture,"6-3/4"" x 6-3/4""",14,140,8.12,13.48
DIRECT EMBEDMENT,Top Mount Fixture,"6-3/4"" x 6-3/4""",14,150,6.12,10.78
DIRECT EMBEDMENT,Top Mount Fixture,"6-3/4"" x 6-3/4""",14,160,4.47,8.57
DIRECT EMBEDMENT,Top Mount Fixture,"6-3/4"" x 6-3/4""",16,115,11.04,17.81
DIRECT EMBEDMENT,Top Mount Fixture,"6-3/4"" x 6-3/4""",16,120,9.45,15.67
DIRECT EMBEDMENT,Top Mount Fixture,"6-3/4"" x 6-3/4""",16,130,6.79,12.09
DIRECT EMBEDMENT,Top Mount Fixture,"6-3/4"" x 6-3/4""",16,140,4.69,9.26
DIRECT EMBEDMENT,Top Mount Fixture,"6-3/4"" x 6-3/4""",16,150,2.98,6.97
DIRECT EMBEDMENT,Top Mount Fixture,"6-3/4"" x 6-3/4""",16,160,1.59,5.09
DIRECT EMBEDMENT,Top Mount Fixture,"6-3/4"" x 6-3/4""",18,115,7.24,13.1
DIRECT EMBEDMENT,Top Mount Fixture,"6-3/4"" x 6-3/4""",18,120,5.86,11.25
DIRECT EMBEDMENT,Top Mount Fixture,"6-3/4"" x 6-3/4""",18,130,3.58,8.17
DIRECT EMBEDMENT,Top Mount Fixture,"6-3/4"" x 6-3/4""",18,140,1.77,5.73
DIRECT EMBEDMENT,Top Mount Fixture,"6-3/4"" x 6-3/4""",18,150,0,3.77
DIRECT EMBEDMENT,Top Mount Fixture,"6-3/4"" x 6-3/4""",18,160,0,2.15
DIRECT EMBEDMENT,Top Mount Fixture,"6-3/4"" x 6-3/4""",20,115,3.96,9.11
DIRECT EMBEDMENT,Top Mount Fixture,"6-3/4"" x 6-3/4""",20,120,2.77,7.5
DIRECT EMBEDMENT,Top Mount Fixture,"6-3/4"" x 6-3/4""",20,130,0.78,4.82
DIRECT EMBEDMENT,Top Mount Fixture,"6-3/4"" x 6-3/4""",20,140,0,2.69
DIRECT EMBEDMENT,Top Mount Fixture,"6-3/4"" x 6-3/4""",20,150,0,0.98
DIRECT EMBEDMENT,Top Mount Fixture,"6-3/4"" x 6-3/4""",20,160,0,0
DIRECT EMBEDMENT,Top Mount Fixture,"6-3/4"" x 6-3/4""",22,115,1.07,5.65
DIRECT EMBEDMENT,Top Mount Fixture,"6-3/4"" x 6-3/4""",22,120,0,4.24
DIRECT EMBEDMENT,Top Mount Fixture,"6-3/4"" x 6-3/4""",22,130,0,1.87
DIRECT EMBEDMENT,Top Mount Fixture,"6-3/4"" x 6-3/4""",22,140,0,0
DIRECT EMBEDMENT,Top Mount Fixture,"6-3/4"" x 6-3/4""",22,150,0,0
DIRECT EMBEDMENT,Top Mount Fixture,"6-3/4"" x 6-3/4""",22,160,0,0
DIRECT EMBEDMENT,Top Mount Fixture,"6-3/4"" x 6-3/4""",24,115,0,2.72
DIRECT EMBEDMENT,Top Mount Fixture,"6-3/4"" x 6-3/4""",24,120,0,1.46
DIRECT EMBEDMENT,Top Mount Fixture,"6-3/4"" x 6-3/4""",24,130,0,0
DIRECT EMBEDMENT,Top Mount Fixture,"6-3/4"" x 6-3/4""",24,140,0,0
DIRECT EMBEDMENT,Top Mount Fixture,"6-3/4"" x 6-3/4""",24,150,0,0
DIRECT EMBEDMENT,Top Mount Fixture,"6-3/4"" x 6-3/4""",24,160,0,0
DIRECT EMBEDMENT,Top Mount Fixture,"8-1/2"" x 8-1/4""",8,115,71.27,96.76
DIRECT EMBEDMENT,Top Mount Fixture,"8-1/2"" x 8-1/4""",8,120,65.13,88.54
DIRECT EMBEDMENT,Top Mount Fixture,"8-1/2"" x 8-1/4""",8,130,54.9,74.83
DIRECT EMBEDMENT,Top Mount Fixture,"8-1/2"" x 8-1/4""",8,140,46.78,63.95
DIRECT EMBEDMENT,Top Mount Fixture,"8-1/2"" x 8-1/4""",8,150,40.23,55.18
DIRECT EMBEDMENT,Top Mount Fixture,"8-1/2"" x 8-1/4""",8,160,34.87,47.99
DIRECT EMBEDMENT,Top Mount Fixture,"8-1/2"" x 8-1/4""",10,115,55.05,75.37
DIRECT EMBEDMENT,Top Mount Fixture,"8-1/2"" x 8-1/4""",10,120,50.15,68.82
DIRECT EMBEDMENT,Top Mount Fixture,"8-1/2"" x 8-1/4""",10,130,41.99,57.87
DIRECT EMBEDMENT,Top Mount Fixture,"8-1/2"" x 8-1/4""",10,140,35.51,49.18
DIRECT EMBEDMENT,Top Mount Fixture,"8-1/2"" x 8-1/4""",10,150,30.18,42.17
DIRECT EMBEDMENT,Top Mount Fixture,"8-1/2"" x 8-1/4""",10,160,25.73,36.44
DIRECT EMBEDMENT,Top Mount Fixture,"8-1/2"" x 8-1/4""",12,115,43.86,60.73
DIRECT EMBEDMENT,Top Mount Fixture,"8-1/2"" x 8-1/4""",12,120,39.79,55.27
DIRECT EMBEDMENT,Top Mount Fixture,"8-1/2"" x 8-1/4""",12,130,32.75,46.18
DIRECT EMBEDMENT,Top Mount Fixture,"8-1/2"" x 8-1/4""",12,140,27.16,38.9
DIRECT EMBEDMENT,Top Mount Fixture,"8-1/2"" x 8-1/4""",12,150,22.64,32.85
DIRECT EMBEDMENT,Top Mount Fixture,"8-1/2"" x 8-1/4""",12,160,18.95,27.89
DIRECT EMBEDMENT,Top Mount Fixture,"8-1/2"" x 8-1/4""",14,115,34.61,49.27
DIRECT EMBEDMENT,Top Mount Fixture,"8-1/2"" x 8-1/4""",14,120,31.03,44.55
DIRECT EMBEDMENT,Top Mount Fixture,"8-1/2"" x 8-1/4""",14,130,25.08,36.58
DIRECT EMBEDMENT,Top Mount Fixture,"8-1/2"" x 8-1/4""",14,140,20.36,30.23
DIRECT EMBEDMENT,Top Mount Fixture,"8-1/2"" x 8-1/4""",14,150,16.55,25.1
DIRECT EMBEDMENT,Top Mount Fixture,"8-1/2"" x 8-1/4""",14,160,13.43,20.93
DIRECT EMBEDMENT,Top Mount Fixture,"8-1/2"" x 8-1/4""",16,115,26.73,39.27
DIRECT EMBEDMENT,Top Mount Fixture,"8-1/2"" x 8-1/4""",16,120,23.7,35.19
DIRECT EMBEDMENT,Top Mount Fixture,"8-1/2"" x 8-1/4""",16,130,18.64,28.38
DIRECT EMBEDMENT,Top Mount Fixture,"8-1/2"" x 8-1/4""",16,140,14.63,22.99
DIRECT EMBEDMENT,Top Mount Fixture,"8-1/2"" x 8-1/4""",16,150,11.38,18.63
DIRECT EMBEDMENT,Top Mount Fixture,"8-1/2"" x 8-1/4""",16,160,8.73,15.07
DIRECT EMBEDMENT,Top Mount Fixture,"8-1/2"" x 8-1/4""",18,115,20.33,31.14
DIRECT EMBEDMENT,Top Mount Fixture,"8-1/2"" x 8-1/4""",18,120,17.7,27.6
DIRECT EMBEDMENT,Top Mount Fixture,"8-1/2"" x 8-1/4""",18,130,13.33,21.73
DIRECT EMBEDMENT,Top Mount Fixture,"8-1/2"" x 8-1/4""",18,140,9.87,17.06
DIRECT EMBEDMENT,Top Mount Fixture,"8-1/2"" x 8-1/4""",18,150,7.07,13.3
DIRECT EMBEDMENT,Top Mount Fixture,"8-1/2"" x 8-1/4""",18,160,4.79,10.22
DIRECT EMBEDMENT,Top Mount Fixture,"8-1/2"" x 8-1/4""",20,115,14.87,24.36
DIRECT EMBEDMENT,Top Mount Fixture,"8-1/2"" x 8-1/4""",20,120,12.58,21.27
DIRECT EMBEDMENT,Top Mount Fixture,"8-1/2"" x 8-1/4""",20,130,8.78,16.13
DIRECT EMBEDMENT,Top Mount Fixture,"8-1/2"" x 8-1/4""",20,140,5.76,12.06
DIRECT EMBEDMENT,Top Mount Fixture,"8-1/2"" x 8-1/4""",20,150,3.33,8.76
DIRECT EMBEDMENT,Top Mount Fixture,"8-1/2"" x 8-1/4""",20,160,1.33,6.07
DIRECT EMBEDMENT,Top Mount Fixture,"8-1/2"" x 8-1/4""",22,115,10,18.54
DIRECT EMBEDMENT,Top Mount Fixture,"8-1/2"" x 8-1/4""",22,120,8,15.82
DIRECT EMBEDMENT,Top Mount Fixture,"8-1/2"" x 8-1/4""",22,130,4.67,11.28
DIRECT EMBEDMENT,Top Mount Fixture,"8-1/2"" x 8-1/4""",22,140,2.04,7.69
DIRECT EMBEDMENT,Top Mount Fixture,"8-1/2"" x 8-1/4""",22,150,0,4.79
DIRECT EMBEDMENT,Top Mount Fixture,"8-1/2"" x 8-1/4""",22,160,0,2.42
DIRECT EMBEDMENT,Top Mount Fixture,"8-1/2"" x 8-1/4""",24,115,5.95,13.71
DIRECT EMBEDMENT,Top Mount Fixture,"8-1/2"" x 8-1/4""",24,120,4.18,11.27
DIRECT EMBEDMENT,Top Mount Fixture,"8-1/2"" x 8-1/4""",24,130,1.23,7.21
DIRECT EMBEDMENT,Top Mount Fixture,"8-1/2"" x 8-1/4""",24,140,0,4
DIRECT EMBEDMENT,Top Mount Fixture,"8-1/2"" x 8-1/4""",24,150,0,1.4
DIRECT EMBEDMENT,Top Mount Fixture,"8-1/2"" x 8-1/4""",24,160,0,0
DIRECT EMBEDMENT,Top Mount Fixture,"8-1/2"" x 8-1/4""",26,115,2.12,9.12
DIRECT EMBEDMENT,Top Mount Fixture,"8-1/2"" x 8-1/4""",26,120,0.55,6.94
DIRECT EMBEDMENT,Top Mount Fixture,"8-1/2"" x 8-1/4""",26,130,0,3.33
DIRECT EMBEDMENT,Top Mount Fixture,"8-1/2"" x 8-1/4""",26,140,0,0
DIRECT EMBEDMENT,Top Mount Fixture,"8-1/2"" x 8-1/4""",26,150,0,0
DIRECT EMBEDMENT,Top Mount Fixture,"8-1/2"" x 8-1/4""",26,160,0,0
DIRECT EMBEDMENT,Top Mount Fixture,"8-1/2"" x 8-1/4""",28,115,0,5.23
DIRECT EMBEDMENT,Top Mount Fixture,"8-1/2"" x 8-1/4""",28,120,0,3.27
DIRECT EMBEDMENT,Top Mount Fixture,"8-1/2"" x 8-1/4""",28,130,0,0
DIRECT EMBEDMENT,Top Mount Fixture,"8-1/2"" x 8-1/4""",28,140,0,0
DIRECT EMBEDMENT,Top Mount Fixture,"8-1/2"" x 8-1/4""",28,150,0,0
DIRECT EMBEDMENT,Top Mount Fixture,"8-1/2"" x 8-1/4""",28,160,0,0
DIRECT EMBEDMENT,Top Mount Fixture,"8-1/2"" x 8-1/4""",30,115,0,1.44
DIRECT EMBEDMENT,Top Mount Fixture,"8-1/2"" x 8-1/4""",30,120,0,0
DIRECT EMBEDMENT,Top Mount Fixture,"8-1/2"" x 8-1/4""",30,130,0,0
DIRECT EMBEDMENT,Top Mount Fixture,"8-1/2"" x 8-1/4""",30,140,0,0
DIRECT EMBEDMENT,Top Mount Fixture,"8-1/2"" x 8-1/4""",30,150,0,0
DIRECT EMBEDMENT,Top Mount Fixture,"8-1/2"" x 8-1/4""",30,160,0,0
DIRECT EMBEDMENT,Two or More Side Mount Fixtures,"5"" x 5-1/2""",8,115,12.13,13.71
DIRECT EMBEDMENT,Two or More Side Mount Fixtures,"5"" x 5-1/2""",8,120,11.14,12.59
DIRECT EMBEDMENT,Two or More Side Mount Fixtures,"5"" x 5-1/2""",8,130,9.49,10.73
DIRECT EMBEDMENT,Two or More Side Mount Fixtures,"5"" x 5-1/2""",8,140,8.18,9.25
DIRECT EMBEDMENT,Two or More Side Mount Fixtures,"5"" x 5-1/2""",8,150,7.13,8.06
DIRECT EMBEDMENT,Two or More Side Mount Fixtures,"5"" x 5-1/2""",8,160,6.17,7.08
DIRECT EMBEDMENT,Two or More Side Mount Fixtures,"5"" x 5-1/2""",10,115,10.47,13.71
DIRECT EMBEDMENT,Two or More Side Mount Fixtures,"5"" x 5-1/2""",10,120,9.27,12.59
DIRECT EMBEDMENT,Two or More Side Mount Fixtures,"5"" x 5-1/2""",10,130,7.26,10.73
DIRECT EMBEDMENT,Two or More Side Mount Fixtures,"5"" x 5-1/2""",10,140,5.68,9.25
DIRECT EMBEDMENT,Two or More Side Mount Fixtures,"5"" x 5-1/2""",10,150,4.4,8.06
DIRECT EMBEDMENT,Two or More Side Mount Fixtures,"5"" x 5-1/2""",10,160,3.35,6.93
DIRECT EMBEDMENT,Two or More Side Mount Fixtures,"5"" x 5-1/2""",12,115,7.05,12.55
DIRECT EMBEDMENT,Two or More Side Mount Fixtures,"5"" x 5-1/2""",12,120,6.06,11.23
DIRECT EMBEDMENT,Two or More Side Mount Fixtures,"5"" x 5-1/2""",12,130,4.4,8.87
DIRECT EMBEDMENT,Two or More Side Mount Fixtures,"5"" x 5-1/2""",12,140,3.09,7
DIRECT EMBEDMENT,Two or More Side Mount Fixtures,"5"" x 5-1/2""",12,150,2.03,5.49
DIRECT EMBEDMENT,Two or More Side Mount Fixtures,"5"" x 5-1/2""",12,160,1.17,4.25
DIRECT EMBEDMENT,Two or More Side Mount Fixtures,"5"" x 5-1/2""",14,115,4.22,9.04
DIRECT EMBEDMENT,Two or More Side Mount Fixtures,"5"" x 5-1/2""",14,120,3.38,7.85
DIRECT EMBEDMENT,Two or More Side Mount Fixtures,"5"" x 5-1/2""",14,130,2,5.88
DIRECT EMBEDMENT,Two or More Side Mount Fixtures,"5"" x 5-1/2""",14,140,0.9,4.31
DIRECT EMBEDMENT,Two or More Side Mount Fixtures,"5"" x 5-1/2""",14,150,0,3.04
DIRECT EMBEDMENT,Two or More Side Mount Fixtures,"5"" x 5-1/2""",14,160,0,2.01
DIRECT EMBEDMENT,Two or More Side Mount Fixtures,"5"" x 5-1/2""",16,115,1.75,5.96
DIRECT EMBEDMENT,Two or More Side Mount Fixtures,"5"" x 5-1/2""",16,120,1.05,4.97
DIRECT EMBEDMENT,Two or More Side Mount Fixtures,"5"" x 5-1/2""",16,130,0,3.29
DIRECT EMBEDMENT,Two or More Side Mount Fixtures,"5"" x 5-1/2""",16,140,0,1.98
DIRECT EMBEDMENT,Two or More Side Mount Fixtures,"5"" x 5-1/2""",16,150,0,0.91
DIRECT EMBEDMENT,Two or More Side Mount Fixtures,"5"" x 5-1/2""",16,160,0,0
DIRECT EMBEDMENT,Two or More Side Mount Fixtures,"5"" x 5-1/2""",18,115,0,3.37
DIRECT EMBEDMENT,Two or More Side Mount Fixtures,"5"" x 5-1/2""",18,120,0,2.52
DIRECT EMBEDMENT,Two or More Side Mount Fixtures,"5"" x 5-1/2""",18,130,0,1.1
DIRECT EMBEDMENT,Two or More Side Mount Fixtures,"5"" x 5-1/2""",18,140,0,0
DIRECT EMBEDMENT,Two or More Side Mount Fixtures,"5"" x 5-1/2""",18,150,0,0
DIRECT EMBEDMENT,Two or More Side Mount Fixtures,"5"" x 5-1/2""",18,160,0,0
DIRECT EMBEDMENT,Two or More Side Mount Fixtures,"5"" x 5-1/2""",20,115,0,1.12
DIRECT EMBEDMENT,Two or More Side Mount Fixtures,"5"" x 5-1/2""",20,120,0,0
DIRECT EMBEDMENT,Two or More Side Mount Fixtures,"5"" x 5-1/2""",20,130,0,0
DIRECT EMBEDMENT,Two or More Side Mount Fixtures,"5"" x 5-1/2""",20,140,0,0
DIRECT EMBEDMENT,Two or More Side Mount Fixtures,"5"" x 5-1/2""",20,150,0,0
DIRECT EMBEDMENT,Two or More Side Mount Fixtures,"5"" x 5-1/2""",20,160,0,0
DIRECT EMBEDMENT,Two or More Side Mount Fixtures,"6-3/4"" x 6-3/4""",8,115,26.2,29.62
DIRECT EMBEDMENT,Two or More Side Mount Fixtures,"6-3/4"" x 6-3/4""",8,120,24.06,27.2
DIRECT EMBEDMENT,Two or More Side Mount Fixtures,"6-3/4"" x 6-3/4""",8,130,20.51,23.18
DIRECT EMBEDMENT,Two or More Side Mount Fixtures,"6-3/4"" x 6-3/4""",8,140,17.68,19.99
DIRECT EMBEDMENT,Two or More Side Mount Fixtures,"6-3/4"" x 6-3/4""",8,150,15.4,17.41
DIRECT EMBEDMENT,Two or More Side Mount Fixtures,"6-3/4"" x 6-3/4""",8,160,13.54,15.3
DIRECT EMBEDMENT,Two or More Side Mount Fixtures,"6-3/4"" x 6-3/4""",10,115,26.2,29.62
DIRECT EMBEDMENT,Two or More Side Mount Fixtures,"6-3/4"" x 6-3/4""",10,120,24.06,27.2
DIRECT EMBEDMENT,Two or More Side Mount Fixtures,"6-3/4"" x 6-3/4""",10,130,20.27,23.18
DIRECT EMBEDMENT,Two or More Side Mount Fixtures,"6-3/4"" x 6-3/4""",10,140,16.75,19.99
DIRECT EMBEDMENT,Two or More Side Mount Fixtures,"6-3/4"" x 6-3/4""",10,150,13.9,17.41
DIRECT EMBEDMENT,Two or More Side Mount Fixtures,"6-3/4"" x 6-3/4""",10,160,11.58,15.3
DIRECT EMBEDMENT,Two or More Side Mount Fixtures,"6-3/4"" x 6-3/4""",12,115,20.72,29.59
DIRECT EMBEDMENT,Two or More Side Mount Fixtures,"6-3/4"" x 6-3/4""",12,120,18.51,27.08
DIRECT EMBEDMENT,Two or More Side Mount Fixtures,"6-3/4"" x 6-3/4""",12,130,14.83,22.19
DIRECT EMBEDMENT,Two or More Side Mount Fixtures,"6-3/4"" x 6-3/4""",12,140,11.91,18.25
DIRECT EMBEDMENT,Two or More Side Mount Fixtures,"6-3/4"" x 6-3/4""",12,150,9.55,15.08
DIRECT EMBEDMENT,Two or More Side Mount Fixtures,"6-3/4"" x 6-3/4""",12,160,7.62,12.48
DIRECT EMBEDMENT,Two or More Side Mount Fixtures,"6-3/4"" x 6-3/4""",14,115,15.36,23.31
DIRECT EMBEDMENT,Two or More Side Mount Fixtures,"6-3/4"" x 6-3/4""",14,120,13.5,20.79
DIRECT EMBEDMENT,Two or More Side Mount Fixtures,"6-3/4"" x 6-3/4""",14,130,10.4,16.62
DIRECT EMBEDMENT,Two or More Side Mount Fixtures,"6-3/4"" x 6-3/4""",14,140,7.95,13.3
DIRECT EMBEDMENT,Two or More Side Mount Fixtures,"6-3/4"" x 6-3/4""",14,150,5.96,10.63
DIRECT EMBEDMENT,Two or More Side Mount Fixtures,"6-3/4"" x 6-3/4""",14,160,4.34,8.44
DIRECT EMBEDMENT,Two or More Side Mount Fixtures,"6-3/4"" x 6-3/4""",16,115,10.82,17.59
DIRECT EMBEDMENT,Two or More Side Mount Fixtures,"6-3/4"" x 6-3/4""",16,120,9.24,15.47
DIRECT EMBEDMENT,Two or More Side Mount Fixtures,"6-3/4"" x 6-3/4""",16,130,6.62,11.92
DIRECT EMBEDMENT,Two or More Side Mount Fixtures,"6-3/4"" x 6-3/4""",16,140,4.53,9.1
DIRECT EMBEDMENT,Two or More Side Mount Fixtures,"6-3/4"" x 6-3/4""",16,150,2.85,6.83
DIRECT EMBEDMENT,Two or More Side Mount Fixtures,"6-3/4"" x 6-3/4""",16,160,1.48,4.98
DIRECT EMBEDMENT,Two or More Side Mount Fixtures,"6-3/4"" x 6-3/4""",18,115,7.04,12.91
DIRECT EMBEDMENT,Two or More Side Mount Fixtures,"6-3/4"" x 6-3/4""",18,120,5.68,11.07
DIRECT EMBEDMENT,Two or More Side Mount Fixtures,"6-3/4"" x 6-3/4""",18,130,3.43,8.02
DIRECT EMBEDMENT,Two or More Side Mount Fixtures,"6-3/4"" x 6-3/4""",18,140,1.64,5.6
DIRECT EMBEDMENT,Two or More Side Mount Fixtures,"6-3/4"" x 6-3/4""",18,150,0,3.65
DIRECT EMBEDMENT,Two or More Side Mount Fixtures,"6-3/4"" x 6-3/4""",18,160,0,2.04
DIRECT EMBEDMENT,Two or More Side Mount Fixtures,"6-3/4"" x 6-3/4""",20,115,3.78,8.94
DIRECT EMBEDMENT,Two or More Side Mount Fixtures,"6-3/4"" x 6-3/4""",20,120,2.61,7.34
DIRECT EMBEDMENT,Two or More Side Mount Fixtures,"6-3/4"" x 6-3/4""",20,130,0.65,4.69
DIRECT EMBEDMENT,Two or More Side Mount Fixtures,"6-3/4"" x 6-3/4""",20,140,0,2.58
DIRECT EMBEDMENT,Two or More Side Mount Fixtures,"6-3/4"" x 6-3/4""",20,150,0,0.88
DIRECT EMBEDMENT,Two or More Side Mount Fixtures,"6-3/4"" x 6-3/4""",20,160,0,0
DIRECT EMBEDMENT,Two or More Side Mount Fixtures,"6-3/4"" x 6-3/4""",22,115,0.91,5.49
DIRECT EMBEDMENT,Two or More Side Mount Fixtures,"6-3/4"" x 6-3/4""",22,120,0,4.1
DIRECT EMBEDMENT,Two or More Side Mount Fixtures,"6-3/4"" x 6-3/4""",22,130,0,1.76
DIRECT EMBEDMENT,Two or More Side Mount Fixtures,"6-3/4"" x 6-3/4""",22,140,0,0
DIRECT EMBEDMENT,Two or More Side Mount Fixtures,"6-3/4"" x 6-3/4""",22,150,0,0
DIRECT EMBEDMENT,Two or More Side Mount Fixtures,"6-3/4"" x 6-3/4""",22,160,0,0
DIRECT EMBEDMENT,Two or More Side Mount Fixtures,"6-3/4"" x 6-3/4""",24,115,0,2.58
DIRECT EMBEDMENT,Two or More Side Mount Fixtures,"6-3/4"" x 6-3/4""",24,120,0,1.34
DIRECT EMBEDMENT,Two or More Side Mount Fixtures,"6-3/4"" x 6-3/4""",24,130,0,0
DIRECT EMBEDMENT,Two or More Side Mount Fixtures,"6-3/4"" x 6-3/4""",24,140,0,0
DIRECT EMBEDMENT,Two or More Side Mount Fixtures,"6-3/4"" x 6-3/4""",24,150,0,0
DIRECT EMBEDMENT,Two or More Side Mount Fixtures,"6-3/4"" x 6-3/4""",24,160,0,0
DIRECT EMBEDMENT,Two or More Side Mount Fixtures,"8-1/2"" x 8-1/4""",8,115,49.83,56.33
DIRECT EMBEDMENT,Two or More Side Mount Fixtures,"8-1/2"" x 8-1/4""",8,120,45.77,51.74
DIRECT EMBEDMENT,Two or More Side Mount Fixtures,"8-1/2"" x 8-1/4""",8,130,39,44.09
DIRECT EMBEDMENT,Two or More Side Mount Fixtures,"8-1/2"" x 8-1/4""",8,140,33.63,38.02
DIRECT EMBEDMENT,Two or More Side Mount Fixtures,"8-1/2"" x 8-1/4""",8,150,29.3,33.12
DIRECT EMBEDMENT,Two or More Side Mount Fixtures,"8-1/2"" x 8-1/4""",8,160,25.75,29.11
DIRECT EMBEDMENT,Two or More Side Mount Fixtures,"8-1/2"" x 8-1/4""",10,115,49.83,56.33
DIRECT EMBEDMENT,Two or More Side Mount Fixtures,"8-1/2"" x 8-1/4""",10,120,45.77,51.74
DIRECT EMBEDMENT,Two or More Side Mount Fixtures,"8-1/2"" x 8-1/4""",10,130,38.98,44.09
DIRECT EMBEDMENT,Two or More Side Mount Fixtures,"8-1/2"" x 8-1/4""",10,140,33.61,38.02
DIRECT EMBEDMENT,Two or More Side Mount Fixtures,"8-1/2"" x 8-1/4""",10,150,29.28,33.12
DIRECT EMBEDMENT,Two or More Side Mount Fixtures,"8-1/2"" x 8-1/4""",10,160,25.54,29.11
DIRECT EMBEDMENT,Two or More Side Mount Fixtures,"8-1/2"" x 8-1/4""",12,115,43.54,56.33
DIRECT EMBEDMENT,Two or More Side Mount Fixtures,"8-1/2"" x 8-1/4""",12,120,39.5,51.74
DIRECT EMBEDMENT,Two or More Side Mount Fixtures,"8-1/2"" x 8-1/4""",12,130,32.51,44.09
DIRECT EMBEDMENT,Two or More Side Mount Fixtures,"8-1/2"" x 8-1/4""",12,140,26.95,38.02
DIRECT EMBEDMENT,Two or More Side Mount Fixtures,"8-1/2"" x 8-1/4""",12,150,22.46,32.66
DIRECT EMBEDMENT,Two or More Side Mount Fixtures,"8-1/2"" x 8-1/4""",12,160,18.79,27.73
DIRECT EMBEDMENT,Two or More Side Mount Fixtures,"8-1/2"" x 8-1/4""",14,115,34.35,49.01
DIRECT EMBEDMENT,Two or More Side Mount Fixtures,"8-1/2"" x 8-1/4""",14,120,30.79,44.3
DIRECT EMBEDMENT,Two or More Side Mount Fixtures,"8-1/2"" x 8-1/4""",14,130,24.88,36.37
DIRECT EMBEDMENT,Two or More Side Mount Fixtures,"8-1/2"" x 8-1/4""",14,140,20.18,30.06
DIRECT EMBEDMENT,Two or More Side Mount Fixtures,"8-1/2"" x 8-1/4""",14,150,16.4,24.97
DIRECT EMBEDMENT,Two or More Side Mount Fixtures,"8-1/2"" x 8-1/4""",14,160,13.3,20.8
DIRECT EMBEDMENT,Two or More Side Mount Fixtures,"8-1/2"" x 8-1/4""",16,115,26.51,39.04
DIRECT EMBEDMENT,Two or More Side Mount Fixtures,"8-1/2"" x 8-1/4""",16,120,23.5,34.98
DIRECT EMBEDMENT,Two or More Side Mount Fixtures,"8-1/2"" x 8-1/4""",16,130,18.46,28.21
DIRECT EMBEDMENT,Two or More Side Mount Fixtures,"8-1/2"" x 8-1/4""",16,140,14.47,22.84
DIRECT EMBEDMENT,Two or More Side Mount Fixtures,"8-1/2"" x 8-1/4""",16,150,11.25,18.5
DIRECT EMBEDMENT,Two or More Side Mount Fixtures,"8-1/2"" x 8-1/4""",16,160,8.62,14.96
DIRECT EMBEDMENT,Two or More Side Mount Fixtures,"8-1/2"" x 8-1/4""",18,115,20.13,30.94
DIRECT EMBEDMENT,Two or More Side Mount Fixtures,"8-1/2"" x 8-1/4""",18,120,17.52,27.42
DIRECT EMBEDMENT,Two or More Side Mount Fixtures,"8-1/2"" x 8-1/4""",18,130,13.18,21.57
DIRECT EMBEDMENT,Two or More Side Mount Fixtures,"8-1/2"" x 8-1/4""",18,140,9.74,16.93
DIRECT EMBEDMENT,Two or More Side Mount Fixtures,"8-1/2"" x 8-1/4""",18,150,6.96,13.18
DIRECT EMBEDMENT,Two or More Side Mount Fixtures,"8-1/2"" x 8-1/4""",18,160,4.68,10.1
DIRECT EMBEDMENT,Two or More Side Mount Fixtures,"8-1/2"" x 8-1/4""",20,115,14.69,24.19
DIRECT EMBEDMENT,Two or More Side Mount Fixtures,"8-1/2"" x 8-1/4""",20,120,12.42,21.11
DIRECT EMBEDMENT,Two or More Side Mount Fixtures,"8-1/2"" x 8-1/4""",20,130,8.64,16
DIRECT EMBEDMENT,Two or More Side Mount Fixtures,"8-1/2"" x 8-1/4""",20,140,5.65,11.94
DIRECT EMBEDMENT,Two or More Side Mount Fixtures,"8-1/2"" x 8-1/4""",20,150,3.22,8.66
DIRECT EMBEDMENT,Two or More Side Mount Fixtures,"8-1/2"" x 8-1/4""",20,160,1.24,5.98
DIRECT EMBEDMENT,Two or More Side Mount Fixtures,"8-1/2"" x 8-1/4""",22,115,9.84,18.39
DIRECT EMBEDMENT,Two or More Side Mount Fixtures,"8-1/2"" x 8-1/4""",22,120,7.86,15.68
DIRECT EMBEDMENT,Two or More Side Mount Fixtures,"8-1/2"" x 8-1/4""",22,130,4.55,11.16
DIRECT EMBEDMENT,Two or More Side Mount Fixtures,"8-1/2"" x 8-1/4""",22,140,1.94,7.59
DIRECT EMBEDMENT,Two or More Side Mount Fixtures,"8-1/2"" x 8-1/4""",22,150,0,4.7
DIRECT EMBEDMENT,Two or More Side Mount Fixtures,"8-1/2"" x 8-1/4""",22,160,0,2.34
DIRECT EMBEDMENT,Two or More Side Mount Fixtures,"8-1/2"" x 8-1/4""",24,115,5.81,13.57
DIRECT EMBEDMENT,Two or More Side Mount Fixtures,"8-1/2"" x 8-1/4""",24,120,4.05,11.14
DIRECT EMBEDMENT,Two or More Side Mount Fixtures,"8-1/2"" x 8-1/4""",24,130,1.12,7.1
DIRECT EMBEDMENT,Two or More Side Mount Fixtures,"8-1/2"" x 8-1/4""",24,140,0,3.9
DIRECT EMBEDMENT,Two or More Side Mount Fixtures,"8-1/2"" x 8-1/4""",24,150,0,1.32
DIRECT EMBEDMENT,Two or More Side Mount Fixtures,"8-1/2"" x 8-1/4""",24,160,0,0
DIRECT EMBEDMENT,Two or More Side Mount Fixtures,"8-1/2"" x 8-1/4""",26,115,1.99,8.99
DIRECT EMBEDMENT,Two or More Side Mount Fixtures,"8-1/2"" x 8-1/4""",26,120,0,6.83
DIRECT EMBEDMENT,Two or More Side Mount Fixtures,"8-1/2"" x 8-1/4""",26,130,0,3.23
DIRECT EMBEDMENT,Two or More Side Mount Fixtures,"8-1/2"" x 8-1/4""",26,140,0,0
DIRECT EMBEDMENT,Two or More Side Mount Fixtures,"8-1/2"" x 8-1/4""",26,150,0,0
DIRECT EMBEDMENT,Two or More Side Mount Fixtures,"8-1/2"" x 8-1/4""",26,160,0,0
DIRECT EMBEDMENT,Two or More Side Mount Fixtures,"8-1/2"" x 8-1/4""",28,115,0,5.12
DIRECT EMBEDMENT,Two or More Side Mount Fixtures,"8-1/2"" x 8-1/4""",28,120,0,3.17
DIRECT EMBEDMENT,Two or More Side Mount Fixtures,"8-1/2"" x 8-1/4""",28,130,0,0
DIRECT EMBEDMENT,Two or More Side Mount Fixtures,"8-1/2"" x 8-1/4""",28,140,0,0
DIRECT EMBEDMENT,Two or More Side Mount Fixtures,"8-1/2"" x 8-1/4""",28,150,0,0
DIRECT EMBEDMENT,Two or More Side Mount Fixtures,"8-1/2"" x 8-1/4""",28,160,0,0
DIRECT EMBEDMENT,Two or More Side Mount Fixtures,"8-1/2"" x 8-1/4""",30,115,0,1.34
DIRECT EMBEDMENT,Two or More Side Mount Fixtures,"8-1/2"" x 8-1/4""",30,120,0,0
DIRECT EMBEDMENT,Two or More Side Mount Fixtures,"8-1/2"" x 8-1/4""",30,130,0,0
DIRECT EMBEDMENT,Two or More Side Mount Fixtures,"8-1/2"" x 8-1/4""",30,140,0,0
DIRECT EMBEDMENT,Two or More Side Mount Fixtures,"8-1/2"" x 8-1/4""",30,150,0,0
DIRECT EMBEDMENT,Two or More Side Mount Fixtures,"8-1/2"" x 8-1/4""",30,160,0,0
