mount_type,wood_type,fixture_configuration,ero_vista_pole_size,pole_height_ft,115,120,130,140,150,160
BASE,Alaskan Yellow Cedar Poles,Top Mount Fixture,"5"" x 5-1/2""",8,19.3,17.54,14.61,12.28,10.4,8.87
BASE,Alaskan Yellow Cedar Poles,Top Mount Fixture,"5"" x 5-1/2""",10,14.31,12.91,10.54,8.5,6.86,5.51
BASE,Alaskan Yellow Cedar Poles,Top Mount Fixture,"5"" x 5-1/2""",12,10.53,9.25,7.13,5.44,4.08,2.97
BASE,Alaskan Yellow Cedar Poles,Top Mount Fixture,"5"" x 5-1/2""",14,7.16,6.08,4.3,2.89,1.75,0.81
BASE,Alaskan Yellow Cedar Poles,Top Mount Fixture,"5"" x 5-1/2""",16,4.26,3.36,1.85,0.66,0,0
BASE,Alaskan Yellow Cedar Poles,Top Mount Fixture,"5"" x 5-1/2""",18,1.8,1.03,0,0,0,0
BASE,Alaskan Yellow Cedar Poles,Top Mount Fixture,"5"" x 5-1/2""",20,0,0,0,0,0,0
BASE,Alaskan Yellow Cedar Poles,Top Mount Fixture,"6-3/4"" x 6-3/4""",8,45.91,41.92,35.28,30.01,25.76,22.27
BASE,Alaskan Yellow Cedar Poles,Top Mount Fixture,"6-3/4"" x 6-3/4""",10,35.25,32.07,26.77,22.57,19.01,16.06
BASE,Alaskan Yellow Cedar Poles,Top Mount Fixture,"6-3/4"" x 6-3/4""",12,27.85,25.15,20.48,16.78,13.8,11.36
BASE,Alaskan Yellow Cedar Poles,Top Mount Fixture,"6-3/4"" x 6-3/4""",14,21.47,19.11,15.19,12.07,9.55,7.49
BASE,Alaskan Yellow Cedar Poles,Top Mount Fixture,"6-3/4"" x 6-3/4""",16,16.03,14.03,10.7,8.05,5.92,4.17
BASE,Alaskan Yellow Cedar Poles,Top Mount Fixture,"6-3/4"" x 6-3/4""",18,11.56,9.84,6.96,4.69,2.85,1.35
BASE,Alaskan Yellow Cedar Poles,Top Mount Fixture,"6-3/4"" x 6-3/4""",20,7.75,6.25,3.76,1.78,0,0
BASE,Alaskan Yellow Cedar Poles,Top Mount Fixture,"6-3/4"" x 6-3/4""",22,4.44,3.12,0.93,0,0,0
BASE,Alaskan Yellow Cedar Poles,Top Mount Fixture,"6-3/4"" x 6-3/4""",24,1.62,0,0,0,0,0
BASE,Alaskan Yellow Cedar Poles,Top Mount Fixture,"6-3/4"" x 6-3/4""",26,0,0,0,0,0,0
BASE,Alaskan Yellow Cedar Poles,Top Mount Fixture,"6-3/4"" x 6-3/4""",28,0,0,0,0,0,0
BASE,Alaskan Yellow Cedar Poles,Top Mount Fixture,"8-1/2"" x 8-1/4""",8,90.12,82.45,69.66,59.5,51.32,44.61
BASE,Alaskan Yellow Cedar Poles,Top Mount Fixture,"8-1/2"" x 8-1/4""",10,70.12,63.99,53.78,45.67,39.14,33.79
BASE,Alaskan Yellow Cedar Poles,Top Mount Fixture,"8-1/2"" x 8-1/4""",12,56.4,51.31,42.82,35.96,30.31,25.69
BASE,Alaskan Yellow Cedar Poles,Top Mount Fixture,"8-1/2"" x 8-1/4""",14,45.65,41.16,33.72,27.81,23.04,19.13
BASE,Alaskan Yellow Cedar Poles,Top Mount Fixture,"8-1/2"" x 8-1/4""",16,36.16,32.36,26.01,20.98,16.92,13.6
BASE,Alaskan Yellow Cedar Poles,Top Mount Fixture,"8-1/2"" x 8-1/4""",18,28.5,25.21,19.73,15.39,11.88,9.01
BASE,Alaskan Yellow Cedar Poles,Top Mount Fixture,"8-1/2"" x 8-1/4""",20,22.05,19.17,14.4,10.61,7.55,5.04
BASE,Alaskan Yellow Cedar Poles,Top Mount Fixture,"8-1/2"" x 8-1/4""",22,16.31,13.8,9.62,6.31,3.63,1.44
BASE,Alaskan Yellow Cedar Poles,Top Mount Fixture,"8-1/2"" x 8-1/4""",24,11.62,9.39,5.67,2.72,0,0
BASE,Alaskan Yellow Cedar Poles,Top Mount Fixture,"8-1/2"" x 8-1/4""",26,7.2,5.22,1.92,0,0,0
BASE,Alaskan Yellow Cedar Poles,Top Mount Fixture,"8-1/2"" x 8-1/4""",28,3.45,1.66,0,0,0,0
BASE,Alaskan Yellow Cedar Poles,Top Mount Fixture,"8-1/2"" x 8-1/4""",30,0,0,0,0,0,0
BASE,Alaskan Yellow Cedar Poles,Single Side Mount Fixture,"5"" x 5-1/2""",8,6.93,6.36,5.42,4.68,4.07,3.58
BASE,Alaskan Yellow Cedar Poles,Single Side Mount Fixture,"5"" x 5-1/2""",10,6.93,6.36,5.42,4.68,4.07,3.58
BASE,Alaskan Yellow Cedar Poles,Single Side Mount Fixture,"5"" x 5-1/2""",12,6.93,6.36,5.42,4.68,3.9,2.81
BASE,Alaskan Yellow Cedar Poles,Single Side Mount Fixture,"5"" x 5-1/2""",14,6.85,5.84,4.1,2.71,1.59,0.68
BASE,Alaskan Yellow Cedar Poles,Single Side Mount Fixture,"5"" x 5-1/2""",16,4.04,3.15,1.68,0.51,0,0
BASE,Alaskan Yellow Cedar Poles,Single Side Mount Fixture,"5"" x 5-1/2""",18,1.61,0.85,0,0,0,0
BASE,Alaskan Yellow Cedar Poles,Single Side Mount Fixture,"5"" x 5-1/2""",20,0,0,0,0,0,0
BASE,Alaskan Yellow Cedar Poles,Single Side Mount Fixture,"6-3/4"" x 6-3/4""",8,14.97,13.75,11.72,10.1,8.8,7.74
BASE,Alaskan Yellow Cedar Poles,Single Side Mount Fixture,"6-3/4"" x 6-3/4""",10,14.97,13.75,11.72,10.1,8.8,7.74
BASE,Alaskan Yellow Cedar Poles,Single Side Mount Fixture,"6-3/4"" x 6-3/4""",12,14.97,13.75,11.72,10.1,8.8,7.74
BASE,Alaskan Yellow Cedar Poles,Single Side Mount Fixture,"6-3/4"" x 6-3/4""",14,14.8,13.59,11.58,9.99,8.7,7.36
BASE,Alaskan Yellow Cedar Poles,Single Side Mount Fixture,"6-3/4"" x 6-3/4""",16,14.46,13.28,10.52,7.9,5.78,4.05
BASE,Alaskan Yellow Cedar Poles,Single Side Mount Fixture,"6-3/4"" x 6-3/4""",18,11.37,9.66,6.81,4.56,2.73,1.24
BASE,Alaskan Yellow Cedar Poles,Single Side Mount Fixture,"6-3/4"" x 6-3/4""",20,7.58,6.1,3.62,1.66,0,0
BASE,Alaskan Yellow Cedar Poles,Single Side Mount Fixture,"6-3/4"" x 6-3/4""",22,4.28,2.98,0.81,0,0,0
BASE,Alaskan Yellow Cedar Poles,Single Side Mount Fixture,"6-3/4"" x 6-3/4""",24,1.48,0,0,0,0,0
BASE,Alaskan Yellow Cedar Poles,Single Side Mount Fixture,"6-3/4"" x 6-3/4""",26,0,0,0,0,0,0
BASE,Alaskan Yellow Cedar Poles,Single Side Mount Fixture,"6-3/4"" x 6-3/4""",28,0,0,0,0,0,0
BASE,Alaskan Yellow Cedar Poles,Single Side Mount Fixture,"8-1/2"" x 8-1/4""",8,28.48,26.16,22.29,19.22,16.74,14.71
BASE,Alaskan Yellow Cedar Poles,Single Side Mount Fixture,"8-1/2"" x 8-1/4""",10,28.48,26.16,22.29,19.22,16.74,14.71
BASE,Alaskan Yellow Cedar Poles,Single Side Mount Fixture,"8-1/2"" x 8-1/4""",12,28.48,26.16,22.29,19.22,16.74,14.71
BASE,Alaskan Yellow Cedar Poles,Single Side Mount Fixture,"8-1/2"" x 8-1/4""",14,28.15,25.85,22.03,19,16.55,14.54
BASE,Alaskan Yellow Cedar Poles,Single Side Mount Fixture,"8-1/2"" x 8-1/4""",16,27.51,25.27,21.53,18.56,16.17,13.49
BASE,Alaskan Yellow Cedar Poles,Single Side Mount Fixture,"8-1/2"" x 8-1/4""",18,26.9,24.7,19.58,15.26,11.76,8.91
BASE,Alaskan Yellow Cedar Poles,Single Side Mount Fixture,"8-1/2"" x 8-1/4""",20,21.87,19.02,14.26,10.49,7.45,4.95
BASE,Alaskan Yellow Cedar Poles,Single Side Mount Fixture,"8-1/2"" x 8-1/4""",22,16.16,13.66,9.5,6.2,3.54,1.36
BASE,Alaskan Yellow Cedar Poles,Single Side Mount Fixture,"8-1/2"" x 8-1/4""",24,11.48,9.26,5.56,2.62,0,0
BASE,Alaskan Yellow Cedar Poles,Single Side Mount Fixture,"8-1/2"" x 8-1/4""",26,7.08,5.1,1.82,0,0,0
BASE,Alaskan Yellow Cedar Poles,Single Side Mount Fixture,"8-1/2"" x 8-1/4""",28,3.33,1.56,0,0,0,0
BASE,Alaskan Yellow Cedar Poles,Single Side Mount Fixture,"8-1/2"" x 8-1/4""",30,0,0,0,0,0,0
BASE,Alaskan Yellow Cedar Poles,Two or More Side Mount Fixtures,"5"" x 5-1/2""",8,13.86,12.73,10.85,9.35,8.15,7.16
BASE,Alaskan Yellow Cedar Poles,Two or More Side Mount Fixtures,"5"" x 5-1/2""",10,13.85,12.57,10.25,8.25,6.64,5.32
BASE,Alaskan Yellow Cedar Poles,Two or More Side Mount Fixtures,"5"" x 5-1/2""",12,10.22,8.97,6.88,5.23,3.9,2.81
BASE,Alaskan Yellow Cedar Poles,Two or More Side Mount Fixtures,"5"" x 5-1/2""",14,6.9,5.84,4.1,2.71,1.59,0.68
BASE,Alaskan Yellow Cedar Poles,Two or More Side Mount Fixtures,"5"" x 5-1/2""",16,4.04,3.15,1.68,0.51,0,0
BASE,Alaskan Yellow Cedar Poles,Two or More Side Mount Fixtures,"5"" x 5-1/2""",18,1.61,0.85,0,0,0,0
BASE,Alaskan Yellow Cedar Poles,Two or More Side Mount Fixtures,"5"" x 5-1/2""",20,0,0,0,0,0,0
BASE,Alaskan Yellow Cedar Poles,Two or More Side Mount Fixtures,"6-3/4"" x 6-3/4""",8,29.94,27.5,23.43,20.21,17.6,15.47
BASE,Alaskan Yellow Cedar Poles,Two or More Side Mount Fixtures,"6-3/4"" x 6-3/4""",10,29.94,27.5,23.43,20.21,17.6,15.47
BASE,Alaskan Yellow Cedar Poles,Two or More Side Mount Fixtures,"6-3/4"" x 6-3/4""",12,27.54,24.86,20.24,16.57,13.62,11.2
BASE,Alaskan Yellow Cedar Poles,Two or More Side Mount Fixtures,"6-3/4"" x 6-3/4""",14,21.21,18.87,14.98,11.89,9.4,7.36
BASE,Alaskan Yellow Cedar Poles,Two or More Side Mount Fixtures,"6-3/4"" x 6-3/4""",16,15.81,13.83,10.52,7.9,5.78,4.05
BASE,Alaskan Yellow Cedar Poles,Two or More Side Mount Fixtures,"6-3/4"" x 6-3/4""",18,11.37,9.66,6.81,4.56,2.73,1.24
BASE,Alaskan Yellow Cedar Poles,Two or More Side Mount Fixtures,"6-3/4"" x 6-3/4""",20,7.58,6.1,3.62,1.66,0,0
BASE,Alaskan Yellow Cedar Poles,Two or More Side Mount Fixtures,"6-3/4"" x 6-3/4""",22,4.28,2.98,0.81,0,0,0
BASE,Alaskan Yellow Cedar Poles,Two or More Side Mount Fixtures,"6-3/4"" x 6-3/4""",24,1.48,0,0,0,0,0
BASE,Alaskan Yellow Cedar Poles,Two or More Side Mount Fixtures,"6-3/4"" x 6-3/4""",26,0,0,0,0,0,0
BASE,Alaskan Yellow Cedar Poles,Two or More Side Mount Fixtures,"6-3/4"" x 6-3/4""",28,0,0,0,0,0,0
BASE,Alaskan Yellow Cedar Poles,Two or More Side Mount Fixtures,"8-1/2"" x 8-1/4""",8,56.95,52.31,44.58,38.43,33.48,29.43
BASE,Alaskan Yellow Cedar Poles,Two or More Side Mount Fixtures,"8-1/2"" x 8-1/4""",10,56.95,52.31,44.58,38.43,33.48,29.43
BASE,Alaskan Yellow Cedar Poles,Two or More Side Mount Fixtures,"8-1/2"" x 8-1/4""",12,56.09,51.02,42.58,35.75,30.13,25.53
BASE,Alaskan Yellow Cedar Poles,Two or More Side Mount Fixtures,"8-1/2"" x 8-1/4""",14,45.38,40.92,33.52,27.63,22.89,19
BASE,Alaskan Yellow Cedar Poles,Two or More Side Mount Fixtures,"8-1/2"" x 8-1/4""",16,35.93,32.15,25.84,20.83,16.79,13.49
BASE,Alaskan Yellow Cedar Poles,Two or More Side Mount Fixtures,"8-1/2"" x 8-1/4""",18,28.31,25.03,19.58,15.26,11.76,8.91
BASE,Alaskan Yellow Cedar Poles,Two or More Side Mount Fixtures,"8-1/2"" x 8-1/4""",20,21.87,19.02,14.26,10.49,7.45,4.95
BASE,Alaskan Yellow Cedar Poles,Two or More Side Mount Fixtures,"8-1/2"" x 8-1/4""",22,16.16,13.66,9.5,6.2,3.54,1.36
BASE,Alaskan Yellow Cedar Poles,Two or More Side Mount Fixtures,"8-1/2"" x 8-1/4""",24,11.48,9.26,5.56,2.62,0,0
BASE,Alaskan Yellow Cedar Poles,Two or More Side Mount Fixtures,"8-1/2"" x 8-1/4""",26,7.08,5.1,1.82,0,0,0
BASE,Alaskan Yellow Cedar Poles,Two or More Side Mount Fixtures,"8-1/2"" x 8-1/4""",28,3.33,1.56,0,0,0,0
BASE,Alaskan Yellow Cedar Poles,Two or More Side Mount Fixtures,"8-1/2"" x 8-1/4""",30,0,0,0,0,0,0
BASE,Southern Yellow Pine Poles,Top Mount Fixture,"5"" x 5-1/2""",8,28.46,25.97,21.82,18.52,15.86,13.68
BASE,Southern Yellow Pine Poles,Top Mount Fixture,"5"" x 5-1/2""",10,21.67,19.69,16.38,13.76,11.65,9.9
BASE,Southern Yellow Pine Poles,Top Mount Fixture,"5"" x 5-1/2""",12,16.93,15.29,12.56,10.23,8.3,6.73
BASE,Southern Yellow Pine Poles,Top Mount Fixture,"5"" x 5-1/2""",14,13.08,11.56,9.04,7.04,5.42,4.09
BASE,Southern Yellow Pine Poles,Top Mount Fixture,"5"" x 5-1/2""",16,9.4,8.12,5.99,4.29,2.93,1.81
BASE,Southern Yellow Pine Poles,Top Mount Fixture,"5"" x 5-1/2""",18,6.35,5.26,3.42,1.98,0.81,0
BASE,Southern Yellow Pine Poles,Top Mount Fixture,"5"" x 5-1/2""",20,1.43,0.6,0,0,0,0
BASE,Southern Yellow Pine Poles,Top Mount Fixture,"6-3/4"" x 6-3/4""",8,62.59,57.24,48.33,41.25,35.56,30.89
BASE,Southern Yellow Pine Poles,Top Mount Fixture,"6-3/4"" x 6-3/4""",10,48.55,44.29,37.19,31.55,27,23.28
BASE,Southern Yellow Pine Poles,Top Mount Fixture,"6-3/4"" x 6-3/4""",12,38.93,35.38,29.48,24.71,20.7,17.42
BASE,Southern Yellow Pine Poles,Top Mount Fixture,"6-3/4"" x 6-3/4""",14,31.36,28.22,22.95,18.76,15.38,12.61
BASE,Southern Yellow Pine Poles,Top Mount Fixture,"6-3/4"" x 6-3/4""",16,24.49,21.8,17.31,13.76,10.88,8.54
BASE,Southern Yellow Pine Poles,Top Mount Fixture,"6-3/4"" x 6-3/4""",18,18.89,16.57,12.7,9.63,7.16,5.13
BASE,Southern Yellow Pine Poles,Top Mount Fixture,"6-3/4"" x 6-3/4""",20,14.18,12.16,8.79,6.11,3.96,2.19
BASE,Southern Yellow Pine Poles,Top Mount Fixture,"6-3/4"" x 6-3/4""",22,10.14,8.36,5.39,3.04,1.15,0
BASE,Southern Yellow Pine Poles,Top Mount Fixture,"6-3/4"" x 6-3/4""",24,6.78,5.19,2.53,0,0,0
BASE,Southern Yellow Pine Poles,Top Mount Fixture,"6-3/4"" x 6-3/4""",26,3.57,2.15,0,0,0,0
BASE,Southern Yellow Pine Poles,Top Mount Fixture,"6-3/4"" x 6-3/4""",28,0.8,0,0,0,0,0
BASE,Southern Yellow Pine Poles,Top Mount Fixture,"8-1/2"" x 8-1/4""",8,122.02,111.73,94.59,80.98,70.02,61.04
BASE,Southern Yellow Pine Poles,Top Mount Fixture,"8-1/2"" x 8-1/4""",10,95.55,87.34,73.65,62.8,54.04,46.86
BASE,Southern Yellow Pine Poles,Top Mount Fixture,"8-1/2"" x 8-1/4""",12,77.51,70.7,59.32,50.28,43,36.91
BASE,Southern Yellow Pine Poles,Top Mount Fixture,"8-1/2"" x 8-1/4""",14,63.49,57.7,48.09,40.21,33.8,28.56
BASE,Southern Yellow Pine Poles,Top Mount Fixture,"8-1/2"" x 8-1/4""",16,51.87,46.76,38.26,31.5,26.04,21.59
BASE,Southern Yellow Pine Poles,Top Mount Fixture,"8-1/2"" x 8-1/4""",18,42.06,37.65,30.28,24.45,19.72,15.87
BASE,Southern Yellow Pine Poles,Top Mount Fixture,"8-1/2"" x 8-1/4""",20,33.97,30.09,23.65,18.54,14.41,11.03
BASE,Southern Yellow Pine Poles,Top Mount Fixture,"8-1/2"" x 8-1/4""",22,27.07,23.66,17.96,13.45,9.8,6.82
BASE,Southern Yellow Pine Poles,Top Mount Fixture,"8-1/2"" x 8-1/4""",24,21.41,18.34,13.23,9.18,5.92,3.25
BASE,Southern Yellow Pine Poles,Top Mount Fixture,"8-1/2"" x 8-1/4""",26,16.04,13.29,8.74,5.12,2.21,0
BASE,Southern Yellow Pine Poles,Top Mount Fixture,"8-1/2"" x 8-1/4""",28,11.55,9.07,4.94,1.66,0,0
BASE,Southern Yellow Pine Poles,Top Mount Fixture,"8-1/2"" x 8-1/4""",30,7.19,4.96,1.24,0,0,0
BASE,Southern Yellow Pine Poles,Single Side Mount Fixture,"5"" x 5-1/2""",8,7.83,7.2,6.13,5.29,4.61,4.05
BASE,Southern Yellow Pine Poles,Single Side Mount Fixture,"5"" x 5-1/2""",10,7.83,7.2,6.13,5.29,4.61,4.05
BASE,Southern Yellow Pine Poles,Single Side Mount Fixture,"5"" x 5-1/2""",12,7.83,7.2,6.13,5.29,4.61,4.05
BASE,Southern Yellow Pine Poles,Single Side Mount Fixture,"5"" x 5-1/2""",14,7.74,7.11,6.06,5.23,4.55,3.95
BASE,Southern Yellow Pine Poles,Single Side Mount Fixture,"5"" x 5-1/2""",16,7.57,6.95,5.81,4.14,2.8,1.7
BASE,Southern Yellow Pine Poles,Single Side Mount Fixture,"5"" x 5-1/2""",18,6.15,5.08,3.27,1.84,0.69,0
BASE,Southern Yellow Pine Poles,Single Side Mount Fixture,"5"" x 5-1/2""",20,1.27,0,0,0,0,0
BASE,Southern Yellow Pine Poles,Single Side Mount Fixture,"6-3/4"" x 6-3/4""",8,16.92,15.54,13.25,11.42,9.95,8.74
BASE,Southern Yellow Pine Poles,Single Side Mount Fixture,"6-3/4"" x 6-3/4""",10,16.92,15.54,13.25,11.42,9.95,8.74
BASE,Southern Yellow Pine Poles,Single Side Mount Fixture,"6-3/4"" x 6-3/4""",12,16.92,15.54,13.25,11.42,9.95,8.74
BASE,Southern Yellow Pine Poles,Single Side Mount Fixture,"6-3/4"" x 6-3/4""",14,16.73,15.36,13.09,11.29,9.83,8.64
BASE,Southern Yellow Pine Poles,Single Side Mount Fixture,"6-3/4"" x 6-3/4""",16,16.35,15.02,12.79,11.03,9.61,8.43
BASE,Southern Yellow Pine Poles,Single Side Mount Fixture,"6-3/4"" x 6-3/4""",18,15.99,14.68,12.51,9.5,7.04,5.03
BASE,Southern Yellow Pine Poles,Single Side Mount Fixture,"6-3/4"" x 6-3/4""",20,14.01,12,8.65,6,3.86,2.1
BASE,Southern Yellow Pine Poles,Single Side Mount Fixture,"6-3/4"" x 6-3/4""",22,10,8.22,5.27,2.93,1.06,0
BASE,Southern Yellow Pine Poles,Single Side Mount Fixture,"6-3/4"" x 6-3/4""",24,6.64,5.06,2.42,0,0,0
BASE,Southern Yellow Pine Poles,Single Side Mount Fixture,"6-3/4"" x 6-3/4""",26,3.44,2.03,0,0,0,0
BASE,Southern Yellow Pine Poles,Single Side Mount Fixture,"6-3/4"" x 6-3/4""",28,0.69,0,0,0,0,0
BASE,Southern Yellow Pine Poles,Single Side Mount Fixture,"8-1/2"" x 8-1/4""",8,32.19,29.57,25.19,21.72,18.92,16.63
BASE,Southern Yellow Pine Poles,Single Side Mount Fixture,"8-1/2"" x 8-1/4""",10,32.19,29.57,25.19,21.72,18.92,16.63
BASE,Southern Yellow Pine Poles,Single Side Mount Fixture,"8-1/2"" x 8-1/4""",12,32.19,29.57,25.19,21.72,18.92,16.63
BASE,Southern Yellow Pine Poles,Single Side Mount Fixture,"8-1/2"" x 8-1/4""",14,31.82,29.22,24.9,21.47,18.71,16.44
BASE,Southern Yellow Pine Poles,Single Side Mount Fixture,"8-1/2"" x 8-1/4""",16,31.1,28.56,24.34,20.98,18.28,16.07
BASE,Southern Yellow Pine Poles,Single Side Mount Fixture,"8-1/2"" x 8-1/4""",18,30.41,27.93,23.79,20.52,17.87,15.69
BASE,Southern Yellow Pine Poles,Single Side Mount Fixture,"8-1/2"" x 8-1/4""",20,29.74,27.32,23.28,18.42,14.31,10.94
BASE,Southern Yellow Pine Poles,Single Side Mount Fixture,"8-1/2"" x 8-1/4""",22,26.92,23.52,17.84,13.34,9.71,6.74
BASE,Southern Yellow Pine Poles,Single Side Mount Fixture,"8-1/2"" x 8-1/4""",24,21.27,18.21,13.1,9.09,5.84,3.18
BASE,Southern Yellow Pine Poles,Single Side Mount Fixture,"8-1/2"" x 8-1/4""",26,15.91,13.18,8.64,5.04,2.13,0
BASE,Southern Yellow Pine Poles,Single Side Mount Fixture,"8-1/2"" x 8-1/4""",28,11.44,8.96,4.85,1.59,0,0
BASE,Southern Yellow Pine Poles,Single Side Mount Fixture,"8-1/2"" x 8-1/4""",30,7.08,4.86,1.16,0,0,0
BASE,Southern Yellow Pine Poles,Two or More Side Mount Fixtures,"5"" x 5-1/2""",8,15.67,14.39,12.26,10.57,9.21,8.1
BASE,Southern Yellow Pine Poles,Two or More Side Mount Fixtures,"5"" x 5-1/2""",10,15.67,14.39,12.26,10.57,9.21,8.1
BASE,Southern Yellow Pine Poles,Two or More Side Mount Fixtures,"5"" x 5-1/2""",12,15.67,14.39,12.25,10.02,8.12,6.57
BASE,Southern Yellow Pine Poles,Two or More Side Mount Fixtures,"5"" x 5-1/2""",14,12.82,11.32,8.83,6.85,5.27,3.95
BASE,Southern Yellow Pine Poles,Two or More Side Mount Fixtures,"5"" x 5-1/2""",16,9.17,7.91,5.81,4.14,2.8,1.69
BASE,Southern Yellow Pine Poles,Two or More Side Mount Fixtures,"5"" x 5-1/2""",18,6.15,5.08,3.27,1.84,0.69,0
BASE,Southern Yellow Pine Poles,Two or More Side Mount Fixtures,"5"" x 5-1/2""",20,1.27,0,0,0,0,0
BASE,Southern Yellow Pine Poles,Two or More Side Mount Fixtures,"6-3/4"" x 6-3/4""",8,33.85,31.09,26.49,22.84,19.9,17.49
BASE,Southern Yellow Pine Poles,Two or More Side Mount Fixtures,"6-3/4"" x 6-3/4""",10,33.85,31.09,26.49,22.84,19.9,17.49
BASE,Southern Yellow Pine Poles,Two or More Side Mount Fixtures,"6-3/4"" x 6-3/4""",12,33.85,31.09,26.49,22.84,19.9,17.26
BASE,Southern Yellow Pine Poles,Two or More Side Mount Fixtures,"6-3/4"" x 6-3/4""",14,31.1,27.97,22.74,18.58,15.23,12.48
BASE,Southern Yellow Pine Poles,Two or More Side Mount Fixtures,"6-3/4"" x 6-3/4""",16,24.27,21.59,17.14,13.6,10.75,8.42
BASE,Southern Yellow Pine Poles,Two or More Side Mount Fixtures,"6-3/4"" x 6-3/4""",18,18.69,16.39,12.54,9.5,7.04,5.03
BASE,Southern Yellow Pine Poles,Two or More Side Mount Fixtures,"6-3/4"" x 6-3/4""",20,14.01,12,8.65,6,3.86,2.1
BASE,Southern Yellow Pine Poles,Two or More Side Mount Fixtures,"6-3/4"" x 6-3/4""",22,10,8.22,5.27,2.93,1.06,0
BASE,Southern Yellow Pine Poles,Two or More Side Mount Fixtures,"6-3/4"" x 6-3/4""",24,6.64,5.06,2.42,0,0,0
BASE,Southern Yellow Pine Poles,Two or More Side Mount Fixtures,"6-3/4"" x 6-3/4""",26,3.44,2.03,0,0,0,0
BASE,Southern Yellow Pine Poles,Two or More Side Mount Fixtures,"6-3/4"" x 6-3/4""",28,0.69,0,0,0,0,0
BASE,Southern Yellow Pine Poles,Two or More Side Mount Fixtures,"8-1/2"" x 8-1/4""",8,64.38,59.14,50.39,43.45,37.85,33.27
BASE,Southern Yellow Pine Poles,Two or More Side Mount Fixtures,"8-1/2"" x 8-1/4""",10,64.38,59.14,50.39,43.45,37.85,33.27
BASE,Southern Yellow Pine Poles,Two or More Side Mount Fixtures,"8-1/2"" x 8-1/4""",12,64.38,59.14,50.39,43.45,37.85,33.27
BASE,Southern Yellow Pine Poles,Two or More Side Mount Fixtures,"8-1/2"" x 8-1/4""",14,63.22,57.46,47.89,40.03,33.65,28.42
BASE,Southern Yellow Pine Poles,Two or More Side Mount Fixtures,"8-1/2"" x 8-1/4""",16,51.64,46.55,38.08,31.34,25.91,21.47
BASE,Southern Yellow Pine Poles,Two or More Side Mount Fixtures,"8-1/2"" x 8-1/4""",18,41.87,37.47,30.13,24.31,19.61,15.77
BASE,Southern Yellow Pine Poles,Two or More Side Mount Fixtures,"8-1/2"" x 8-1/4""",20,33.8,29.94,23.52,18.42,14.31,10.94
BASE,Southern Yellow Pine Poles,Two or More Side Mount Fixtures,"8-1/2"" x 8-1/4""",22,26.92,23.52,17.84,13.34,9.71,6.74
BASE,Southern Yellow Pine Poles,Two or More Side Mount Fixtures,"8-1/2"" x 8-1/4""",24,21.27,18.21,13.1,9.09,5.84,3.18
BASE,Southern Yellow Pine Poles,Two or More Side Mount Fixtures,"8-1/2"" x 8-1/4""",26,15.91,13.18,8.64,5.04,2.13,0
BASE,Southern Yellow Pine Poles,Two or More Side Mount Fixtures,"8-1/2"" x 8-1/4""",28,11.44,8.96,4.85,1.59,0,0
BASE,Southern Yellow Pine Poles,Two or More Side Mount Fixtures,"8-1/2"" x 8-1/4""",30,7.08,4.86,1.16,0,0,0
DIRECT EMBEDMENT,Alaskan Yellow Cedar Poles,Top Mount Fixture,"5"" x 5-1/2""",8,14.96,13.56,11.21,9.35,7.76,6.41
DIRECT EMBEDMENT,Alaskan Yellow Cedar Poles,Top Mount Fixture,"5"" x 5-1/2""",10,10.84,9.61,7.56,5.93,4.62,3.54
DIRECT EMBEDMENT,Alaskan Yellow Cedar Poles,Top Mount Fixture,"5"" x 5-1/2""",12,7.36,6.34,4.65,3.3,2.22,1.33
DIRECT EMBEDMENT,Alaskan Yellow Cedar Poles,Top Mount Fixture,"5"" x 5-1/2""",14,4.48,3.62,2.21,1.08,0,0
DIRECT EMBEDMENT,Alaskan Yellow Cedar Poles,Top Mount Fixture,"5"" x 5-1/2""",16,1.98,1.26,0,0,0,0
DIRECT EMBEDMENT,Alaskan Yellow Cedar Poles,Top Mount Fixture,"5"" x 5-1/2""",18,0,0,0,0,0,0
DIRECT EMBEDMENT,Alaskan Yellow Cedar Poles,Top Mount Fixture,"5"" x 5-1/2""",20,0,0,0,0,0,0
DIRECT EMBEDMENT,Alaskan Yellow Cedar Poles,Top Mount Fixture,"6-3/4"" x 6-3/4""",8,36.11,32.92,27.61,23.39,19.99,17.19
DIRECT EMBEDMENT,Alaskan Yellow Cedar Poles,Top Mount Fixture,"6-3/4"" x 6-3/4""",10,27.42,24.88,20.56,17,14.12,11.77
DIRECT EMBEDMENT,Alaskan Yellow Cedar Poles,Top Mount Fixture,"6-3/4"" x 6-3/4""",12,21.03,18.8,15.07,12.12,9.74,7.78
DIRECT EMBEDMENT,Alaskan Yellow Cedar Poles,Top Mount Fixture,"6-3/4"" x 6-3/4""",14,15.63,13.74,10.61,8.12,6.12,4.47
DIRECT EMBEDMENT,Alaskan Yellow Cedar Poles,Top Mount Fixture,"6-3/4"" x 6-3/4""",16,11.04,9.45,6.79,4.69,2.98,1.59
DIRECT EMBEDMENT,Alaskan Yellow Cedar Poles,Top Mount Fixture,"6-3/4"" x 6-3/4""",18,7.24,5.86,3.58,1.77,0,0
DIRECT EMBEDMENT,Alaskan Yellow Cedar Poles,Top Mount Fixture,"6-3/4"" x 6-3/4""",20,3.96,2.77,0.78,0,0,0
DIRECT EMBEDMENT,Alaskan Yellow Cedar Poles,Top Mount Fixture,"6-3/4"" x 6-3/4""",22,1.07,0,0,0,0,0
DIRECT EMBEDMENT,Alaskan Yellow Cedar Poles,Top Mount Fixture,"6-3/4"" x 6-3/4""",24,0,0,0,0,0,0
DIRECT EMBEDMENT,Alaskan Yellow Cedar Poles,Top Mount Fixture,"8-1/2"" x 8-1/4""",8,71.27,65.13,54.9,46.78,40.23,34.87
DIRECT EMBEDMENT,Alaskan Yellow Cedar Poles,Top Mount Fixture,"8-1/2"" x 8-1/4""",10,55.05,50.15,41.99,35.51,30.18,25.73
DIRECT EMBEDMENT,Alaskan Yellow Cedar Poles,Top Mount Fixture,"8-1/2"" x 8-1/4""",12,43.86,39.79,32.75,27.16,22.64,18.95
DIRECT EMBEDMENT,Alaskan Yellow Cedar Poles,Top Mount Fixture,"8-1/2"" x 8-1/4""",14,34.61,31.03,25.08,20.36,16.55,13.43
DIRECT EMBEDMENT,Alaskan Yellow Cedar Poles,Top Mount Fixture,"8-1/2"" x 8-1/4""",16,26.73,23.7,18.64,14.63,11.38,8.73
DIRECT EMBEDMENT,Alaskan Yellow Cedar Poles,Top Mount Fixture,"8-1/2"" x 8-1/4""",18,20.33,17.7,13.33,9.87,7.07,4.79
DIRECT EMBEDMENT,Alaskan Yellow Cedar Poles,Top Mount Fixture,"8-1/2"" x 8-1/4""",20,14.87,12.58,8.78,5.76,3.33,1.33
DIRECT EMBEDMENT,Alaskan Yellow Cedar Poles,Top Mount Fixture,"8-1/2"" x 8-1/4""",22,10,8,4.67,2.04,0,0
DIRECT EMBEDMENT,Alaskan Yellow Cedar Poles,Top Mount Fixture,"8-1/2"" x 8-1/4""",24,5.95,4.18,1.23,0,0,0
DIRECT EMBEDMENT,Alaskan Yellow Cedar Poles,Top Mount Fixture,"8-1/2"" x 8-1/4""",26,2.12,0.55,0,0,0,0
DIRECT EMBEDMENT,Alaskan Yellow Cedar Poles,Top Mount Fixture,"8-1/2"" x 8-1/4""",28,0,0,0,0,0,0
DIRECT EMBEDMENT,Alaskan Yellow Cedar Poles,Top Mount Fixture,"8-1/2"" x 8-1/4""",30,0,0,0,0,0,0
DIRECT EMBEDMENT,Alaskan Yellow Cedar Poles,Single Side Mount Fixture,"5"" x 5-1/2""",8,6.06,5.57,4.75,4.09,3.56,3.13
DIRECT EMBEDMENT,Alaskan Yellow Cedar Poles,Single Side Mount Fixture,"5"" x 5-1/2""",10,6.06,5.57,4.75,4.09,3.56,3.13
DIRECT EMBEDMENT,Alaskan Yellow Cedar Poles,Single Side Mount Fixture,"5"" x 5-1/2""",12,6.06,5.57,4.4,3.09,2.03,1.17
DIRECT EMBEDMENT,Alaskan Yellow Cedar Poles,Single Side Mount Fixture,"5"" x 5-1/2""",14,4.22,3.38,2,0.9,0,0
DIRECT EMBEDMENT,Alaskan Yellow Cedar Poles,Single Side Mount Fixture,"5"" x 5-1/2""",16,1.75,1.05,0,0,0,0
DIRECT EMBEDMENT,Alaskan Yellow Cedar Poles,Single Side Mount Fixture,"5"" x 5-1/2""",18,0,0,0,0,0,0
DIRECT EMBEDMENT,Alaskan Yellow Cedar Poles,Single Side Mount Fixture,"5"" x 5-1/2""",20,0,0,0,0,0,0
DIRECT EMBEDMENT,Alaskan Yellow Cedar Poles,Single Side Mount Fixture,"6-3/4"" x 6-3/4""",8,13.1,12.03,10.25,8.84,7.7,6.77
DIRECT EMBEDMENT,Alaskan Yellow Cedar Poles,Single Side Mount Fixture,"6-3/4"" x 6-3/4""",10,13.1,12.03,10.25,8.84,7.7,6.77
DIRECT EMBEDMENT,Alaskan Yellow Cedar Poles,Single Side Mount Fixture,"6-3/4"" x 6-3/4""",12,13.1,12.03,10.25,8.84,7.7,6.77
DIRECT EMBEDMENT,Alaskan Yellow Cedar Poles,Single Side Mount Fixture,"6-3/4"" x 6-3/4""",14,12.95,11.89,10.13,7.95,5.96,4.34
DIRECT EMBEDMENT,Alaskan Yellow Cedar Poles,Single Side Mount Fixture,"6-3/4"" x 6-3/4""",16,10.82,9.24,6.62,4.53,2.85,1.48
DIRECT EMBEDMENT,Alaskan Yellow Cedar Poles,Single Side Mount Fixture,"6-3/4"" x 6-3/4""",18,7.04,5.68,3.43,1.64,0,0
DIRECT EMBEDMENT,Alaskan Yellow Cedar Poles,Single Side Mount Fixture,"6-3/4"" x 6-3/4""",20,3.78,2.61,0.65,0,0,0
DIRECT EMBEDMENT,Alaskan Yellow Cedar Poles,Single Side Mount Fixture,"6-3/4"" x 6-3/4""",22,0.91,0,0,0,0,0
DIRECT EMBEDMENT,Alaskan Yellow Cedar Poles,Single Side Mount Fixture,"6-3/4"" x 6-3/4""",24,0,0,0,0,0,0
DIRECT EMBEDMENT,Alaskan Yellow Cedar Poles,Single Side Mount Fixture,"8-1/2"" x 8-1/4""",8,24.92,22.89,19.5,16.81,14.65,12.87
DIRECT EMBEDMENT,Alaskan Yellow Cedar Poles,Single Side Mount Fixture,"8-1/2"" x 8-1/4""",10,24.92,22.89,19.5,16.81,14.65,12.87
DIRECT EMBEDMENT,Alaskan Yellow Cedar Poles,Single Side Mount Fixture,"8-1/2"" x 8-1/4""",12,24.92,22.89,19.5,16.81,14.65,12.87
DIRECT EMBEDMENT,Alaskan Yellow Cedar Poles,Single Side Mount Fixture,"8-1/2"" x 8-1/4""",14,24.63,22.62,19.28,16.62,14.48,12.72
DIRECT EMBEDMENT,Alaskan Yellow Cedar Poles,Single Side Mount Fixture,"8-1/2"" x 8-1/4""",16,24.07,22.11,18.46,14.47,11.25,8.62
DIRECT EMBEDMENT,Alaskan Yellow Cedar Poles,Single Side Mount Fixture,"8-1/2"" x 8-1/4""",18,20.13,17.52,13.18,9.74,6.96,4.68
DIRECT EMBEDMENT,Alaskan Yellow Cedar Poles,Single Side Mount Fixture,"8-1/2"" x 8-1/4""",20,14.69,12.42,8.64,5.65,3.22,1.24
DIRECT EMBEDMENT,Alaskan Yellow Cedar Poles,Single Side Mount Fixture,"8-1/2"" x 8-1/4""",22,9.84,7.86,4.55,1.94,0,0
DIRECT EMBEDMENT,Alaskan Yellow Cedar Poles,Single Side Mount Fixture,"8-1/2"" x 8-1/4""",24,5.81,4.05,1.12,0,0,0
DIRECT EMBEDMENT,Alaskan Yellow Cedar Poles,Single Side Mount Fixture,"8-1/2"" x 8-1/4""",26,1.99,0,0,0,0,0
DIRECT EMBEDMENT,Alaskan Yellow Cedar Poles,Single Side Mount Fixture,"8-1/2"" x 8-1/4""",28,0,0,0,0,0,0
DIRECT EMBEDMENT,Alaskan Yellow Cedar Poles,Single Side Mount Fixture,"8-1/2"" x 8-1/4""",30,0,0,0,0,0,0
DIRECT EMBEDMENT,Alaskan Yellow Cedar Poles,Two or More Side Mount Fixtures,"5"" x 5-1/2""",8,12.13,11.14,9.49,8.18,7.13,6.17
DIRECT EMBEDMENT,Alaskan Yellow Cedar Poles,Two or More Side Mount Fixtures,"5"" x 5-1/2""",10,10.47,9.27,7.26,5.68,4.4,3.35
DIRECT EMBEDMENT,Alaskan Yellow Cedar Poles,Two or More Side Mount Fixtures,"5"" x 5-1/2""",12,7.05,6.06,4.4,3.09,2.03,1.17
DIRECT EMBEDMENT,Alaskan Yellow Cedar Poles,Two or More Side Mount Fixtures,"5"" x 5-1/2""",14,4.22,3.38,2,0.9,0,0
DIRECT EMBEDMENT,Alaskan Yellow Cedar Poles,Two or More Side Mount Fixtures,"5"" x 5-1/2""",16,1.75,1.05,0,0,0,0
DIRECT EMBEDMENT,Alaskan Yellow Cedar Poles,Two or More Side Mount Fixtures,"5"" x 5-1/2""",18,0,0,0,0,0,0
DIRECT EMBEDMENT,Alaskan Yellow Cedar Poles,Two or More Side Mount Fixtures,"5"" x 5-1/2""",20,0,0,0,0,0,0
DIRECT EMBEDMENT,Alaskan Yellow Cedar Poles,Two or More Side Mount Fixtures,"6-3/4"" x 6-3/4""",8,26.2,24.06,20.51,17.68,15.4,13.54
DIRECT EMBEDMENT,Alaskan Yellow Cedar Poles,Two or More Side Mount Fixtures,"6-3/4"" x 6-3/4""",10,26.2,24.06,20.27,16.75,13.9,11.58
DIRECT EMBEDMENT,Alaskan Yellow Cedar Poles,Two or More Side Mount Fixtures,"6-3/4"" x 6-3/4""",12,20.72,18.51,14.83,11.91,9.55,7.62
DIRECT EMBEDMENT,Alaskan Yellow Cedar Poles,Two or More Side Mount Fixtures,"6-3/4"" x 6-3/4""",14,15.36,13.5,10.4,7.95,5.96,4.34
DIRECT EMBEDMENT,Alaskan Yellow Cedar Poles,Two or More Side Mount Fixtures,"6-3/4"" x 6-3/4""",16,10.82,9.24,6.62,4.53,2.85,1.48
DIRECT EMBEDMENT,Alaskan Yellow Cedar Poles,Two or More Side Mount Fixtures,"6-3/4"" x 6-3/4""",18,7.04,5.68,3.43,1.64,0,0
DIRECT EMBEDMENT,Alaskan Yellow Cedar Poles,Two or More Side Mount Fixtures,"6-3/4"" x 6-3/4""",20,3.78,2.61,0.65,0,0,0
DIRECT EMBEDMENT,Alaskan Yellow Cedar Poles,Two or More Side Mount Fixtures,"6-3/4"" x 6-3/4""",22,0.91,0,0,0,0,0
DIRECT EMBEDMENT,Alaskan Yellow Cedar Poles,Two or More Side Mount Fixtures,"6-3/4"" x 6-3/4""",24,0,0,0,0,0,0
DIRECT EMBEDMENT,Alaskan Yellow Cedar Poles,Two or More Side Mount Fixtures,"8-1/2"" x 8-1/4""",8,49.83,45.77,39,33.63,29.3,25.75
DIRECT EMBEDMENT,Alaskan Yellow Cedar Poles,Two or More Side Mount Fixtures,"8-1/2"" x 8-1/4""",10,49.83,45.77,38.98,33.61,29.28,25.54
DIRECT EMBEDMENT,Alaskan Yellow Cedar Poles,Two or More Side Mount Fixtures,"8-1/2"" x 8-1/4""",12,43.54,39.5,32.51,26.95,22.46,18.79
DIRECT EMBEDMENT,Alaskan Yellow Cedar Poles,Two or More Side Mount Fixtures,"8-1/2"" x 8-1/4""",14,34.35,30.79,24.88,20.18,16.4,13.3
DIRECT EMBEDMENT,Alaskan Yellow Cedar Poles,Two or More Side Mount Fixtures,"8-1/2"" x 8-1/4""",16,26.51,23.5,18.46,14.47,11.25,8.62
DIRECT EMBEDMENT,Alaskan Yellow Cedar Poles,Two or More Side Mount Fixtures,"8-1/2"" x 8-1/4""",18,20.13,17.52,13.18,9.74,6.96,4.68
DIRECT EMBEDMENT,Alaskan Yellow Cedar Poles,Two or More Side Mount Fixtures,"8-1/2"" x 8-1/4""",20,14.69,12.42,8.64,5.65,3.22,1.24
DIRECT EMBEDMENT,Alaskan Yellow Cedar Poles,Two or More Side Mount Fixtures,"8-1/2"" x 8-1/4""",22,9.84,7.86,4.55,1.94,0,0
DIRECT EMBEDMENT,Alaskan Yellow Cedar Poles,Two or More Side Mount Fixtures,"8-1/2"" x 8-1/4""",24,5.81,4.05,1.12,0,0,0
DIRECT EMBEDMENT,Alaskan Yellow Cedar Poles,Two or More Side Mount Fixtures,"8-1/2"" x 8-1/4""",26,1.99,0,0,0,0,0
DIRECT EMBEDMENT,Alaskan Yellow Cedar Poles,Two or More Side Mount Fixtures,"8-1/2"" x 8-1/4""",28,0,0,0,0,0,0
DIRECT EMBEDMENT,Alaskan Yellow Cedar Poles,Two or More Side Mount Fixtures,"8-1/2"" x 8-1/4""",30,0,0,0,0,0,0
DIRECT EMBEDMENT,Southern Yellow Pine Poles,Top Mount Fixture,"5"" x 5-1/2""",8,22.33,20.33,17.01,14.38,12.25,10.51
DIRECT EMBEDMENT,Southern Yellow Pine Poles,Top Mount Fixture,"5"" x 5-1/2""",10,16.78,15.19,12.55,10.46,8.65,7.13
DIRECT EMBEDMENT,Southern Yellow Pine Poles,Top Mount Fixture,"5"" x 5-1/2""",12,12.86,11.52,9.12,7.21,5.67,4.41
DIRECT EMBEDMENT,Southern Yellow Pine Poles,Top Mount Fixture,"5"" x 5-1/2""",14,9.3,8.09,6.08,4.48,3.2,2.15
DIRECT EMBEDMENT,Southern Yellow Pine Poles,Top Mount Fixture,"5"" x 5-1/2""",16,6.18,5.17,3.47,2.13,1.04,0
DIRECT EMBEDMENT,Southern Yellow Pine Poles,Top Mount Fixture,"5"" x 5-1/2""",18,3.57,2.7,1.25,0,0,0
DIRECT EMBEDMENT,Southern Yellow Pine Poles,Top Mount Fixture,"5"" x 5-1/2""",20,1.29,0.55,0,0,0,0
DIRECT EMBEDMENT,Southern Yellow Pine Poles,Top Mount Fixture,"6-3/4"" x 6-3/4""",8,49.45,45.18,38.06,32.4,27.84,24.11
DIRECT EMBEDMENT,Southern Yellow Pine Poles,Top Mount Fixture,"6-3/4"" x 6-3/4""",10,38.07,34.67,28.98,24.48,20.77,17.61
DIRECT EMBEDMENT,Southern Yellow Pine Poles,Top Mount Fixture,"6-3/4"" x 6-3/4""",12,30.2,27.37,22.43,18.46,15.26,12.64
DIRECT EMBEDMENT,Southern Yellow Pine Poles,Top Mount Fixture,"6-3/4"" x 6-3/4""",14,23.57,21.03,16.83,13.48,10.78,8.57
DIRECT EMBEDMENT,Southern Yellow Pine Poles,Top Mount Fixture,"6-3/4"" x 6-3/4""",16,17.81,15.67,12.09,9.26,6.97,5.09
DIRECT EMBEDMENT,Southern Yellow Pine Poles,Top Mount Fixture,"6-3/4"" x 6-3/4""",18,13.1,11.25,8.17,5.73,3.77,2.15
DIRECT EMBEDMENT,Southern Yellow Pine Poles,Top Mount Fixture,"6-3/4"" x 6-3/4""",20,9.11,7.5,4.82,2.69,0.98,0
DIRECT EMBEDMENT,Southern Yellow Pine Poles,Top Mount Fixture,"6-3/4"" x 6-3/4""",22,5.65,4.24,1.87,0,0,0
DIRECT EMBEDMENT,Southern Yellow Pine Poles,Top Mount Fixture,"6-3/4"" x 6-3/4""",24,2.72,1.46,0,0,0,0
DIRECT EMBEDMENT,Southern Yellow Pine Poles,Top Mount Fixture,"8-1/2"" x 8-1/4""",8,96.76,88.54,74.83,63.95,55.18,47.99
DIRECT EMBEDMENT,Southern Yellow Pine Poles,Top Mount Fixture,"8-1/2"" x 8-1/4""",10,75.37,68.82,57.87,49.18,42.17,36.44
DIRECT EMBEDMENT,Southern Yellow Pine Poles,Top Mount Fixture,"8-1/2"" x 8-1/4""",12,60.73,55.27,46.18,38.9,32.85,27.89
DIRECT EMBEDMENT,Southern Yellow Pine Poles,Top Mount Fixture,"8-1/2"" x 8-1/4""",14,49.27,44.55,36.58,30.23,25.1,20.93
DIRECT EMBEDMENT,Southern Yellow Pine Poles,Top Mount Fixture,"8-1/2"" x 8-1/4""",16,39.27,35.19,28.38,22.99,18.63,15.07
DIRECT EMBEDMENT,Southern Yellow Pine Poles,Top Mount Fixture,"8-1/2"" x 8-1/4""",18,31.14,27.6,21.73,17.06,13.3,10.22
DIRECT EMBEDMENT,Southern Yellow Pine Poles,Top Mount Fixture,"8-1/2"" x 8-1/4""",20,24.36,21.27,16.13,12.06,8.76,6.07
DIRECT EMBEDMENT,Southern Yellow Pine Poles,Top Mount Fixture,"8-1/2"" x 8-1/4""",22,18.54,15.82,11.28,7.69,4.79,2.42
DIRECT EMBEDMENT,Southern Yellow Pine Poles,Top Mount Fixture,"8-1/2"" x 8-1/4""",24,13.71,11.27,7.21,4,1.4,0
DIRECT EMBEDMENT,Southern Yellow Pine Poles,Top Mount Fixture,"8-1/2"" x 8-1/4""",26,9.12,6.94,3.33,0,0,0
DIRECT EMBEDMENT,Southern Yellow Pine Poles,Top Mount Fixture,"8-1/2"" x 8-1/4""",28,5.23,3.27,0,0,0,0
DIRECT EMBEDMENT,Southern Yellow Pine Poles,Top Mount Fixture,"8-1/2"" x 8-1/4""",30,1.44,0,0,0,0,0
DIRECT EMBEDMENT,Southern Yellow Pine Poles,Single Side Mount Fixture,"5"" x 5-1/2""",8,6.85,6.3,5.36,4.63,4.03,3.54
DIRECT EMBEDMENT,Southern Yellow Pine Poles,Single Side Mount Fixture,"5"" x 5-1/2""",10,6.85,6.3,5.36,4.63,4.03,3.54
DIRECT EMBEDMENT,Southern Yellow Pine Poles,Single Side Mount Fixture,"5"" x 5-1/2""",12,6.85,6.3,5.36,4.63,4.03,3.54
DIRECT EMBEDMENT,Southern Yellow Pine Poles,Single Side Mount Fixture,"5"" x 5-1/2""",14,6.78,6.22,5.3,4.31,3.04,2.01
DIRECT EMBEDMENT,Southern Yellow Pine Poles,Single Side Mount Fixture,"5"" x 5-1/2""",16,5.96,4.96,3.3,1.97,0.91,0
DIRECT EMBEDMENT,Southern Yellow Pine Poles,Single Side Mount Fixture,"5"" x 5-1/2""",18,3.37,2.52,1.1,0,0,0
DIRECT EMBEDMENT,Southern Yellow Pine Poles,Single Side Mount Fixture,"5"" x 5-1/2""",20,1.12,0,0,0,0,0
DIRECT EMBEDMENT,Southern Yellow Pine Poles,Single Side Mount Fixture,"6-3/4"" x 6-3/4""",8,14.81,13.6,11.59,10,8.71,7.65
DIRECT EMBEDMENT,Southern Yellow Pine Poles,Single Side Mount Fixture,"6-3/4"" x 6-3/4""",10,14.81,13.6,11.59,10,8.71,7.65
DIRECT EMBEDMENT,Southern Yellow Pine Poles,Single Side Mount Fixture,"6-3/4"" x 6-3/4""",12,14.81,13.6,11.59,10,8.71,7.65
DIRECT EMBEDMENT,Southern Yellow Pine Poles,Single Side Mount Fixture,"6-3/4"" x 6-3/4""",14,14.64,13.44,11.46,9.88,8.6,7.56
DIRECT EMBEDMENT,Southern Yellow Pine Poles,Single Side Mount Fixture,"6-3/4"" x 6-3/4""",16,14.3,13.14,11.2,9.1,6.83,4.98
DIRECT EMBEDMENT,Southern Yellow Pine Poles,Single Side Mount Fixture,"6-3/4"" x 6-3/4""",18,12.91,11.07,8.02,5.6,3.65,2.04
DIRECT EMBEDMENT,Southern Yellow Pine Poles,Single Side Mount Fixture,"6-3/4"" x 6-3/4""",20,8.94,7.34,4.69,2.58,0.88,0
DIRECT EMBEDMENT,Southern Yellow Pine Poles,Single Side Mount Fixture,"6-3/4"" x 6-3/4""",22,5.49,4.1,1.76,0,0,0
DIRECT EMBEDMENT,Southern Yellow Pine Poles,Single Side Mount Fixture,"6-3/4"" x 6-3/4""",24,2.58,1.34,0,0,0,0
DIRECT EMBEDMENT,Southern Yellow Pine Poles,Single Side Mount Fixture,"8-1/2"" x 8-1/4""",8,28.17,25.87,22.05,19.01,16.56,14.55
DIRECT EMBEDMENT,Southern Yellow Pine Poles,Single Side Mount Fixture,"8-1/2"" x 8-1/4""",10,28.17,25.87,22.05,19.01,16.56,14.55
DIRECT EMBEDMENT,Southern Yellow Pine Poles,Single Side Mount Fixture,"8-1/2"" x 8-1/4""",12,28.17,25.87,22.05,19.01,16.56,14.55
DIRECT EMBEDMENT,Southern Yellow Pine Poles,Single Side Mount Fixture,"8-1/2"" x 8-1/4""",14,27.85,25.57,21.79,18.79,16.37,14.38
DIRECT EMBEDMENT,Southern Yellow Pine Poles,Single Side Mount Fixture,"8-1/2"" x 8-1/4""",16,27.21,24.99,21.29,18.36,15.99,14.06
DIRECT EMBEDMENT,Southern Yellow Pine Poles,Single Side Mount Fixture,"8-1/2"" x 8-1/4""",18,26.61,24.44,20.82,16.93,13.18,10.1
DIRECT EMBEDMENT,Southern Yellow Pine Poles,Single Side Mount Fixture,"8-1/2"" x 8-1/4""",20,24.19,21.11,16,11.94,8.66,5.98
DIRECT EMBEDMENT,Southern Yellow Pine Poles,Single Side Mount Fixture,"8-1/2"" x 8-1/4""",22,18.39,15.68,11.16,7.59,4.7,2.34
DIRECT EMBEDMENT,Southern Yellow Pine Poles,Single Side Mount Fixture,"8-1/2"" x 8-1/4""",24,13.57,11.14,7.1,3.9,1.32,0
DIRECT EMBEDMENT,Southern Yellow Pine Poles,Single Side Mount Fixture,"8-1/2"" x 8-1/4""",26,8.99,6.83,3.23,0,0,0
DIRECT EMBEDMENT,Southern Yellow Pine Poles,Single Side Mount Fixture,"8-1/2"" x 8-1/4""",28,5.12,3.17,0,0,0,0
DIRECT EMBEDMENT,Southern Yellow Pine Poles,Single Side Mount Fixture,"8-1/2"" x 8-1/4""",30,1.34,0,0,0,0,0
DIRECT EMBEDMENT,Southern Yellow Pine Poles,Two or More Side Mount Fixtures,"5"" x 5-1/2""",8,13.71,12.59,10.73,9.25,8.06,7.08
DIRECT EMBEDMENT,Southern Yellow Pine Poles,Two or More Side Mount Fixtures,"5"" x 5-1/2""",10,13.71,12.59,10.73,9.25,8.06,6.93
DIRECT EMBEDMENT,Southern Yellow Pine Poles,Two or More Side Mount Fixtures,"5"" x 5-1/2""",12,12.55,11.23,8.87,7,5.49,4.25
DIRECT EMBEDMENT,Southern Yellow Pine Poles,Two or More Side Mount Fixtures,"5"" x 5-1/2""",14,9.04,7.85,5.88,4.31,3.04,2.01
DIRECT EMBEDMENT,Southern Yellow Pine Poles,Two or More Side Mount Fixtures,"5"" x 5-1/2""",16,5.96,4.97,3.29,1.98,0.91,0
DIRECT EMBEDMENT,Southern Yellow Pine Poles,Two or More Side Mount Fixtures,"5"" x 5-1/2""",18,3.37,2.52,1.1,0,0,0
DIRECT EMBEDMENT,Southern Yellow Pine Poles,Two or More Side Mount Fixtures,"5"" x 5-1/2""",20,1.12,0,0,0,0,0
DIRECT EMBEDMENT,Southern Yellow Pine Poles,Two or More Side Mount Fixtures,"6-3/4"" x 6-3/4""",8,29.62,27.2,23.18,19.99,17.41,15.3
DIRECT EMBEDMENT,Southern Yellow Pine Poles,Two or More Side Mount Fixtures,"6-3/4"" x 6-3/4""",10,29.62,27.2,23.18,19.99,17.41,15.3
DIRECT EMBEDMENT,Southern Yellow Pine Poles,Two or More Side Mount Fixtures,"6-3/4"" x 6-3/4""",12,29.59,27.08,22.19,18.25,15.08,12.48
DIRECT EMBEDMENT,Southern Yellow Pine Poles,Two or More Side Mount Fixtures,"6-3/4"" x 6-3/4""",14,23.31,20.79,16.62,13.3,10.63,8.44
DIRECT EMBEDMENT,Southern Yellow Pine Poles,Two or More Side Mount Fixtures,"6-3/4"" x 6-3/4""",16,17.59,15.47,11.92,9.1,6.83,4.98
DIRECT EMBEDMENT,Southern Yellow Pine Poles,Two or More Side Mount Fixtures,"6-3/4"" x 6-3/4""",18,12.91,11.07,8.02,5.6,3.65,2.04
DIRECT EMBEDMENT,Southern Yellow Pine Poles,Two or More Side Mount Fixtures,"6-3/4"" x 6-3/4""",20,8.94,7.34,4.69,2.58,0.88,0
DIRECT EMBEDMENT,Southern Yellow Pine Poles,Two or More Side Mount Fixtures,"6-3/4"" x 6-3/4""",22,5.49,4.1,1.76,0,0,0
DIRECT EMBEDMENT,Southern Yellow Pine Poles,Two or More Side Mount Fixtures,"6-3/4"" x 6-3/4""",24,2.58,1.34,0,0,0,0
DIRECT EMBEDMENT,Southern Yellow Pine Poles,Two or More Side Mount Fixtures,"8-1/2"" x 8-1/4""",8,56.33,51.74,44.09,38.02,33.12,29.11
DIRECT EMBEDMENT,Southern Yellow Pine Poles,Two or More Side Mount Fixtures,"8-1/2"" x 8-1/4""",10,56.33,51.74,44.09,38.02,33.12,29.11
DIRECT EMBEDMENT,Southern Yellow Pine Poles,Two or More Side Mount Fixtures,"8-1/2"" x 8-1/4""",12,56.33,51.74,44.09,38.02,32.66,27.73
DIRECT EMBEDMENT,Southern Yellow Pine Poles,Two or More Side Mount Fixtures,"8-1/2"" x 8-1/4""",14,49.01,44.3,36.37,30.06,24.97,20.8
DIRECT EMBEDMENT,Southern Yellow Pine Poles,Two or More Side Mount Fixtures,"8-1/2"" x 8-1/4""",16,39.04,34.98,28.21,22.84,18.5,14.96
DIRECT EMBEDMENT,Southern Yellow Pine Poles,Two or More Side Mount Fixtures,"8-1/2"" x 8-1/4""",18,30.94,27.42,21.57,16.93,13.18,10.1
DIRECT EMBEDMENT,Southern Yellow Pine Poles,Two or More Side Mount Fixtures,"8-1/2"" x 8-1/4""",20,24.19,21.11,16,11.94,8.66,5.98
DIRECT EMBEDMENT,Southern Yellow Pine Poles,Two or More Side Mount Fixtures,"8-1/2"" x 8-1/4""",22,18.39,15.68,11.16,7.59,4.7,2.34
DIRECT EMBEDMENT,Southern Yellow Pine Poles,Two or More Side Mount Fixtures,"8-1/2"" x 8-1/4""",24,13.57,11.14,7.1,3.9,1.32,0
DIRECT EMBEDMENT,Southern Yellow Pine Poles,Two or More Side Mount Fixtures,"8-1/2"" x 8-1/4""",26,8.99,6.83,3.23,0,0,0
DIRECT EMBEDMENT,Southern Yellow Pine Poles,Two or More Side Mount Fixtures,"8-1/2"" x 8-1/4""",28,5.12,3.17,0,0,0,0
DIRECT EMBEDMENT,Southern Yellow Pine Poles,Two or More Side Mount Fixtures,"8-1/2"" x 8-1/4""",30,1.34,0,0,0,0,0
